,One-class SVM (OCSVM),Isolation Forest,Lightweight on-line detector of anomalies,Class
0,0.2082560187060145,-0.19079081611588466,0.051356181946510523,0
1,0.15720391505297465,-0.20183977817879697,0.03905310887973605,0
2,0.11620524126105511,-0.19679748508003325,0.041488174340188554,0
3,0.1665840287495642,-0.1990399379558024,0.05427357260911651,0
4,0.16723316923188075,-0.20308628708432397,0.043883200526710985,0
5,0.16698823999921442,-0.1853338199973594,0.04942983665787824,0
6,0.1588124282562197,-0.18840918234541335,0.06011430766765197,0
7,0.2225830505366589,-0.17066978890920378,0.0337512449270438,0
8,0.21997704079317043,-0.18687979494916943,0.03847522423863331,0
9,0.20197923445497712,-0.18317114703928206,0.03296954749946331,0
10,0.21446163888159625,-0.17982091009313553,0.03293166837249058,0
11,0.22355890847898113,-0.1811985388590112,0.033997730163632695,0
12,0.22536386883025586,-0.17479666445224512,0.044539577132794536,0
13,0.21019610763789376,-0.16344674430299,0.042600349693031093,0
14,0.197587801326911,-0.1759351984508438,0.037529299870503685,0
15,0.19424656709684895,-0.19610477899491277,0.08226977615865133,0
16,0.16705722972505646,-0.20113762223565143,0.0568865484059574,0
17,0.15945133095860903,-0.19839500487043285,0.052277584328902484,0
18,0.16164108999633253,-0.18958278965695655,0.05071146671978014,0
19,0.17574474176095736,-0.2071289672165637,0.04562172346282824,0
20,0.17915871061478833,-0.21670306087164523,0.04820526570838836,0
21,0.12136930953222173,-0.20309233893022394,0.03975401452113552,0
22,0.11960628366546092,-0.20308008358633436,0.03922835743585035,0
23,0.11614770616329503,-0.19939332219601058,0.05049029298201093,0
24,0.08449733427078314,-0.18717927840341794,0.0850669760816759,0
25,0.17336095144501393,-0.20008469634971182,0.08088653639455783,0
26,0.1860479178676871,-0.21510886139985025,0.07864019147796925,0
27,0.23363542211249907,-0.2520011155500649,0.06775172781319572,0
28,0.2249239425260965,-0.23818024588938047,0.0611515192256223,0
29,0.2171476404706547,-0.25091627466586275,0.0736274132332542,0
30,0.18866541968343564,-0.2644882743806231,0.06292469771977606,0
31,0.23686285453732064,-0.26085573826240405,0.0662758470925872,0
32,0.22984780812129504,-0.2613910464035587,0.06512156150479362,0
33,0.24175998534307594,-0.26575168822474454,0.07628094999875201,0
34,0.2256544709830807,-0.2627787929290613,0.0792424656596976,0
35,0.22963078663502173,-0.27019723002567836,0.06660323798951409,0
36,0.17126751263493664,-0.2631882016473904,0.08065321883621326,0
37,0.1627026935508606,-0.27896144077806145,0.07576180075844265,0
38,0.14483560794788303,-0.2869669640186103,0.052476891558367135,0
39,0.15959257173991487,-0.2787525513626809,0.0455339327902093,0
40,0.15970717986767363,-0.28544989122118036,0.04847644798338503,0
41,0.16425177567535126,-0.27506418551864104,0.031143853189506594,0
42,0.1454113593028321,-0.22794387739604044,0.038876218995696425,0
43,0.18456105497395855,-0.20754052691149255,0.047551543607430594,0
44,0.21294449359364492,-0.22844958392214934,0.051578887452828806,0
45,0.20935385622215494,-0.2174831017301914,0.052229227682669785,0
46,0.21304858353175654,-0.21732695942176045,0.05479438756922306,0
47,0.2192771868887271,-0.22407906299853705,0.05866756523672913,0
48,0.2421010651073056,-0.21305476099169646,0.07109607459419438,0
49,0.24803959701149098,-0.21164962026312567,0.07344486084209625,0
50,0.2233823314170455,-0.22857979679785587,0.08011008145763807,0
51,0.20190476579867161,-0.2240746269249525,0.07841098784482482,0
52,0.1727134661803335,-0.2175740857578173,0.05198859774819633,0
53,0.15873900329924137,-0.2221107190097015,0.05823198185628865,0
54,0.1631542938203983,-0.22410784272579595,0.06336304872253197,0
55,0.14515386421494747,-0.2117297404231436,0.06508502677523242,0
56,0.1751866946113536,-0.21347645594508466,0.07056786038707771,0
57,0.20769156643326073,-0.2202468971663114,0.06908241044247851,0
58,0.24166052670253327,-0.21783842976844986,0.07191134263496096,0
59,0.24408148890035325,-0.16484406934535117,0.07677123015072373,0
60,0.16133043363806449,-0.17557850008889653,0.07123475033606938,0
61,0.16472634213539972,-0.17361934258623657,0.06200589391615471,0
62,0.17741346462669064,-0.18444147829888766,0.056511907821624505,0
63,0.2575074620841268,-0.2331540160989641,0.05468644940566834,0
64,0.19842137469046986,-0.3159613085433729,0.04188070044454583,0
65,0.19945337654248493,-0.3046897867575157,0.04230968584427623,0
66,0.19734595512985761,-0.30405990852354225,0.04422321178790389,0
67,0.23217730452978272,-0.30189634549641486,0.040662894860202595,0
68,0.21787830236273723,-0.30383325661860994,0.030283923411483355,0
69,0.2266679263991255,-0.29294340792748863,0.03151879761468039,0
70,0.22539823357182204,-0.29910945506289194,0.03078291583690173,0
71,0.21707531473270314,-0.2922935033059953,0.03282426349035932,0
72,0.1963314769940611,-0.2933211785769232,0.032733377343085096,0
73,0.22329147147740458,-0.2434502939076691,0.04077006169121975,0
74,0.24177256380100248,-0.25793515306914305,0.041632700707008,0
75,0.24319346047399604,-0.2578167544383653,0.03965212177913392,0
76,0.2505581592969474,-0.24439094043214346,0.03113903888166844,0
77,0.24999972357183728,-0.2493383645764468,0.03384278981302623,0
78,0.25464128580400236,-0.24805394347738852,0.05640761291698324,0
79,0.18852104749925064,-0.2580950790357516,0.056602863412018666,0
80,0.14654328661946744,-0.27448170614932776,0.04848018951413386,0
81,0.1413224571018218,-0.2787295679409014,0.04513725152477968,0
82,0.15283152375782083,-0.2733464546751758,0.050173544940361615,0
83,0.17881775449222315,-0.29036709637306185,0.054894037759051315,0
84,0.18892140416938608,-0.27989526630468653,0.05375166949412322,0
85,0.2332494244798146,-0.259813024283339,0.05978173361317325,0
86,0.21424210007382535,-0.2524353592519045,0.06635530435275332,0
87,0.1097202999765845,-0.19234263578069083,0.05921086773703664,0
88,0.1506048474148312,-0.15150975267726,0.05788185880852424,0
89,0.17480224659770321,-0.14834879262078335,0.054122853276451624,0
90,0.17170344049188963,-0.14981955047068296,0.05193061832573518,0
91,0.17299183662941772,-0.1538694191870797,0.03346758532596292,0
92,0.2239358299426275,-0.16450517325186956,0.033177726163594254,0
93,0.19289743051305544,-0.20545692303146063,0.033150480820103786,0
94,0.19837483635843922,-0.2200439567417154,0.038814490270462076,0
95,0.2534604034238059,-0.21023998784456577,0.06961740003302713,0
96,0.14170811740502548,-0.2069955155290537,0.07573463900843795,0
97,0.12348336230093468,-0.20294017723600363,0.05731972470000324,0
98,0.1434510406200012,-0.17533301847172433,0.05493260933360775,0
99,0.13846015661459288,-0.1665235839896228,0.05198095439032215,0
100,0.12849566773143786,-0.16772895421468675,0.06275876303412907,0
101,0.18512083714694927,-0.11906988474990565,0.06261943396308772,0
102,0.10694538014636498,-0.21737934946456897,0.06990019530505336,0
103,0.18587456161103794,-0.26090134058397607,0.055565144188897166,0
104,0.17803046483227142,-0.18972003379039665,0.0692680201436327,0
105,0.16420307740571677,-0.21607767041074483,0.0541640475621703,0
106,0.1244814158971248,-0.2275491627624126,0.05516821897375408,1
107,0.1728358543397305,-0.24338061080590295,0.07233181466061646,1
108,0.22647396472384593,-0.23486314802936356,0.08017807461973159,1
109,0.25800111104102463,-0.20574080129997746,0.09556931826373109,1
110,0.28101629565470093,-0.20322065728857588,0.036222007038798035,1
111,0.23254539534168234,-0.20108276547798715,0.03612148428667532,1
112,0.1236063446207046,-0.20082844044798503,0.07027790953236544,1
113,0.04484224391949687,-0.17069431845923655,0.06353571074331925,1
114,0.05990404381314822,-0.17247875588947975,0.0585371365621726,1
115,0.06858564523954755,-0.16364740210874235,0.0661540214828653,1
116,0.06058748143496513,-0.18037334827354207,0.06454526044801957,1
117,0.0764250098885257,-0.18595541769832874,0.059289843893480854,1
118,0.0895470303535281,-0.20003505699954954,0.05385806054368171,1
119,0.09145316888811986,-0.21219748851931924,0.04955464438839806,1
120,0.08915904484094303,-0.20894796855254852,0.051746654613505014,1
121,0.08755539708692632,-0.22203681012561166,0.05385646112213009,1
122,0.18103239938378363,-0.22870984273442946,0.053022562812131746,1
123,0.22096351421369112,-0.23820622401429614,0.06436177905029271,1
124,0.2405692152440196,-0.2682907488864826,0.0807820120192741,1
125,0.24407034165803726,-0.3007990628221263,0.05291620747900934,1
126,0.18744337728198796,-0.33740102659159227,0.03250273452424126,1
127,0.19057448286352668,-0.17000227646941493,0.06324638229684448,1
128,0.21176953010834007,-0.18591446606187664,0.10933940977165191,0
129,0.21639765345108253,-0.19361052894094816,0.10112425401465656,0
130,0.22700988335766775,-0.2375039851521045,0.1042171258407771,0
131,0.24114294254218066,-0.23286167301753205,0.12266057593658937,0
132,0.2671096185545714,-0.22386783840421373,0.08214887452097369,0
133,0.2533995061140119,-0.277505852040622,0.07327946369615172,0
134,0.275308112951316,-0.2583875652252687,0.04176121054050087,0
135,0.266058265161095,-0.2151144776719441,0.043744714517708186,0
136,0.22829990876265605,-0.20021893723098091,0.03984851142302849,0
137,0.24006670542315295,-0.20329089156424543,0.07141620127258283,0
138,0.2545896861656307,-0.21091289287167192,0.07053194859167838,0
139,0.2488995485245363,-0.21423479311233623,0.047818133051357535,0
140,0.24843063833439033,-0.20537326184217125,0.05514227465268421,0
141,0.2754114612234032,-0.20632513422023963,0.06638798670322732,0
142,0.256534041374169,-0.2221137463005863,0.07812573738645284,0
143,0.2451228362514833,-0.22103107255160923,0.05282709388558562,0
144,0.24924660808476626,-0.20431506094076654,0.05363742472304127,0
145,0.24557773838692648,-0.20658849916563532,0.050301810564663076,0
146,0.24390773211797664,-0.20338181705492442,0.053978192447118656,0
147,0.2430086723045249,-0.20873435209692368,0.05424026605283246,0
148,0.23665621982144353,-0.20798383076971674,0.0555420613885809,0
149,0.2575602084144076,-0.20915382853378084,0.052792164540098455,0
150,0.17700625174079482,-0.1955475706205238,0.07054473698629342,0
151,0.1504124073869423,-0.1956799595733723,0.0718041745601748,0
152,0.15847486106916436,-0.1888232689634673,0.05028629139138309,0
153,0.20830802084638686,-0.22311481643233577,0.08451435859898271,0
154,0.2329029799844285,-0.23184804400647002,0.030265754550478176,0
155,0.17013366639830912,-0.24035352633121163,0.07591784587604897,0
156,0.03813633008969357,-0.12119288410733468,0.0572834396106507,0
157,0.03715263956145427,-0.18729085405930254,0.06403753707914983,0
158,0.011802881961458534,-0.16423378655636495,0.07523802875386432,0
159,0.03423373804685581,-0.16154745857304784,0.04293085190078741,0
160,0.04037920648529432,-0.17263482002297179,0.042147376011100864,0
161,0.04192640442245783,-0.1804121220504049,0.04225162681551058,0
162,0.037365385550818385,-0.18133507963810008,0.03889754574468275,0
163,0.04386769369466115,-0.1796695890649502,0.04058964993497137,0
164,0.20333019808979685,-0.18545326874247853,0.05423815498629585,0
165,0.04131815915021053,-0.16358578137818508,0.04893228665785054,0
166,0.020988626492732854,-0.16260437611635664,0.06608412614707052,0
167,0.028515027300710427,-0.16337860784114566,0.07008437152383816,0
168,0.023766984834567094,-0.16250507767025146,0.07268602773836061,0
169,0.03592017532622212,-0.1580289571135433,0.055565228727464444,0
170,0.08517224241286883,-0.1521135712525981,0.05599481004049287,0
171,0.09800689000788769,-0.1388244587947441,0.06538223621242475,0
172,0.1295249661236364,-0.14005583085278336,0.06714734026352323,0
173,0.06873825710111756,-0.12144311720193177,0.060714495520391744,0
174,-0.01499866729038466,-0.12038383924084531,0.06245865585779623,0
175,-0.0008007580993277585,-0.12019643468147848,0.07076216889012432,0
176,0.013817260332565607,-0.10734445241452742,0.04388322809703416,0
177,0.07149289826262564,-0.10999001535726753,0.08892371157257864,0
178,0.08743430714655127,-0.12128136758981442,0.0929978028856407,0
179,-0.01802290666965849,-0.07146731836261959,0.05598807353376748,0
180,0.004253675196082307,-0.06663396174213818,0.05962454495776033,0
181,-0.021479894149616197,-0.06065744147871692,0.07059174305685291,0
182,0.005478053093087088,-0.07797947315564989,0.068367059736861,0
183,-0.01682605997970672,-0.09062550564262442,0.0686555147889578,0
184,0.004779714542218816,-0.08910053335352248,0.06628991554751491,0
185,0.038458896848404936,-0.07983062918693984,0.0600699323970991,0
186,0.003800502997270927,-0.0926569965186234,0.08643432022603466,0
187,0.03220080495669166,-0.09583525589231304,0.10267420944512418,0
188,-0.02588082139253638,-0.10488164860069231,0.10293850712779953,0
189,-0.04855877457333633,-0.10356357279684367,0.10808955344657271,0
190,-0.020205415262419014,-0.09623464436813767,0.08007850453109407,0
191,-0.00854502828476269,-0.1312565169027274,0.0727895721124311,0
192,-0.01828858872408552,-0.131860133610409,0.06763222709300311,0
193,0.10886192467996528,-0.14958394978765518,0.0719150946850738,0
194,0.0955974540168802,-0.20203940854462235,0.05747887906476432,0
195,0.2258117834480812,-0.22558059239885003,0.04716003655434959,0
196,0.2628935426453591,-0.23086471366788572,0.048089812304843084,0
197,0.1150819228827475,-0.16549775351607368,0.057019884239354154,0
198,0.01588762018584875,-0.23074037302237688,0.05659567342211854,0
199,0.08164932599046307,-0.2007689568533399,0.08153177808304261,0
200,0.095694505155102,-0.19776877904270934,0.08304730159629435,0
201,0.11297325396901221,-0.2036842019442877,0.07631585935749945,0
202,0.017021278671877926,-0.20017857247247176,0.06760310607228667,0
203,0.012489949967812431,-0.19132483754716909,0.055907023609190386,0
204,0.017282561070728474,-0.17070422500658475,0.03911638960103601,0
205,-0.0025633613630778205,-0.1634489754310515,0.03833634277227257,0
206,0.029251868523743906,-0.16223045879734133,0.03962599528365849,0
207,0.0022398161271020454,-0.16999610085464734,0.045933788491403324,0
208,0.004312835722004804,-0.15995173699146087,0.05009599925006779,0
209,0.013697228806617856,-0.1637207208344868,0.03409093944568549,0
210,0.09018234741906084,-0.16962170607553756,0.03754128480114753,0
211,0.080288282457547,-0.1712702482861253,0.03304254388969258,0
212,0.06528347929222864,-0.16651062560635932,0.031188692679340553,0
213,0.08425544272010059,-0.17571469821692873,0.03013819916236641,0
214,0.07354589737759513,-0.16816727881463178,0.031565881397862386,0
215,0.06275206662826523,-0.1701097756423358,0.029166744377491276,0
216,0.03423840870389041,-0.17061988775263667,0.055354235548975964,0
217,0.056260831236926157,-0.18920017538930875,0.05190828645264965,0
218,0.05233689450052399,-0.21257897972677492,0.054347617514626176,0
219,-0.04775121764061727,-0.0986864658388035,0.07449989556184386,0
220,-0.07740733744502681,-0.10038116167565145,0.0628920320116443,0
221,0.027744450823655065,-0.11146517811525998,0.061992662132272815,0
222,0.16986907265169476,-0.1781558536513446,0.060619949248025294,0
223,0.2780134233590125,-0.20750022921651054,0.03464610378577843,0
224,0.31487072092155827,-0.23718676290572374,0.028338070707569458,0
225,0.31143539989814617,-0.23832474758961664,0.028771351735525953,0
226,0.30620926219597666,-0.25165922368820853,0.029402589299655862,0
227,0.27920020758727343,-0.25916526654045036,0.05561640686466949,0
228,0.2630469975313142,-0.2491840951049856,0.05397228381791268,0
229,0.264432677753994,-0.2297342472206998,0.05845026858281997,0
230,0.1789995720121774,-0.1776454989668252,0.07515211523362411,0
231,0.08181817920577376,-0.14047542948118513,0.07865049231070037,0
232,0.0012151137228136656,-0.1369570802440938,0.0633961788111598,0
233,0.027127930361504272,-0.16852922199098677,0.06556147926381022,0
234,0.0002901401407341186,-0.12276459692908512,0.06075559754552583,0
235,-0.0012234867903377466,-0.10793245368743518,0.06105395754433389,0
236,0.02847711142197129,-0.1002967371205294,0.07294150697517152,0
237,0.06389629830700452,-0.10902641134278968,0.068751478476827,0
238,0.11281632425079913,-0.09911227895833112,0.06693432305414167,0
239,0.08961257499648419,-0.11095155633354374,0.0649544737793731,0
240,0.08419915921410812,-0.10644120962996921,0.060228826710674074,0
241,0.07738772503798667,-0.1150774177182654,0.05524636917729743,0
242,0.12506771177620024,-0.20464796281906947,0.04711710232846661,0
243,0.18922053469743613,-0.16974201009657042,0.05144397297565499,0
244,0.18710791002997143,-0.17205415680508623,0.046881803398688776,0
245,0.18886324399169524,-0.1677325619465003,0.06016557924589457,0
246,0.19590591802204077,-0.16141234544745084,0.05633071600808848,0
247,0.16947881986210903,-0.15864163987252458,0.047784278430268744,0
248,0.10220045652468039,-0.13938547261894527,0.04458044704634992,0
249,0.10642154752991276,-0.13898803474973817,0.04120539964018435,0
250,0.07691506545351876,-0.15423220860125256,0.051306008860267226,0
251,0.048864235323197794,-0.1583669270614707,0.041885811176497936,0
252,0.04953051164597806,-0.16728005036861832,0.06520719850249085,0
253,0.015367336428148448,-0.15688564604793764,0.06428790015508903,0
254,0.049792438047241296,-0.16812469684735606,0.06448201741430595,0
255,0.10152400888590765,-0.129072045399436,0.07748637137160717,0
256,-0.019936392860693174,-0.14095878552904945,0.07010983018727086,0
257,-0.05651578055511704,-0.1535013339989449,0.06625577872839994,0
258,-0.10994208383877777,-0.1447203114960401,0.0666998876513593,0
259,-0.10044598815147303,-0.1531780431791262,0.07582023768281343,0
260,0.032073252849045275,-0.17366692089926355,0.06303815558346391,0
261,0.22389312725885668,-0.19494915302740504,0.07913415036398666,0
262,0.1526977672543342,-0.22735121102554876,0.07802395186639607,0
263,-0.06537634714240026,-0.1000550441752684,0.0888158099497934,0
264,-0.03557320748686497,-0.10128118629373314,0.06104862478193875,0
265,0.005074369870502871,-0.1144837501213547,0.0814766320149513,0
266,0.003522835691507531,-0.11789184998368447,0.09357311265454786,0
267,0.0973848987730285,-0.12084645850216824,0.0896938677103561,0
268,-0.02604073525447852,-0.11334894141983076,0.10167061353965716,0
269,-0.033889654919746895,-0.12645121272989115,0.1027706028200007,0
270,0.14144490129981477,-0.1303440520199574,0.09593843950045347,0
271,0.1487788467891439,-0.14434896887554508,0.10147975529271683,0
272,0.1703751998993241,-0.2058926889576488,0.060654491380201826,0
273,0.1533774198913401,-0.20789769765595206,0.06835783562773182,0
274,0.1332279208174242,-0.13785723512081657,0.09763135361084294,0
275,0.09940050615730685,-0.13174258932261057,0.09372382790548466,0
276,0.08767001360513933,-0.13193802274035143,0.0899505192434083,0
277,0.08600224767835844,-0.12875397863440716,0.08701704403067202,0
278,0.07618827413351585,-0.13213465688832515,0.09227518822547538,0
279,0.07129875094710876,-0.13266214483874927,0.09777724756964923,0
280,0.16337866523984293,-0.15451226298287443,0.108955242362794,0
281,0.18042957857987774,-0.2420633782701088,0.09579505566830614,0
282,0.17785898573786726,-0.27692952880308164,0.08762427091535205,0
283,0.17782278735883153,-0.2761753201370906,0.06831468048896586,0
284,0.20235101240070863,-0.19084808272845746,0.08028823796790736,0
285,0.22560973565446224,-0.1891892550593283,0.0804365927827001,0
286,0.23468088616884253,-0.19075147821878632,0.07551318930569101,0
287,0.23335022537877537,-0.1948726286836695,0.0782424893316509,0
288,0.23428414468614936,-0.19488887479329037,0.07569955545533254,0
289,0.23809109103264853,-0.19900232880198807,0.06467274869394575,0
290,0.22935668068488108,-0.21328902005295608,0.06716828568556313,0
291,0.22619982756730922,-0.2098820247184967,0.04537805071641322,0
292,0.17459841475669605,-0.18989514024169643,0.047566390301069336,0
293,0.25801603313870036,-0.1999018168906275,0.054755910592333736,0
294,0.22137803444562792,-0.2487407942261694,0.03918020644794433,0
295,0.24546128434460593,-0.25382868937598374,0.035864343114319144,0
296,0.25158689983946264,-0.253291260993075,0.04714192291158302,0
297,0.23953077770180836,-0.25037309409619435,0.05189921340059313,0
298,0.23794615723135673,-0.2526938439301298,0.059045404286213556,0
299,0.16747026983348845,-0.21827483379571494,0.05592000487156079,0
300,0.1668540499481958,-0.22217177946746322,0.06451681910393146,0
301,0.1734079084746507,-0.1807282044624139,0.06547849563147,0
302,0.09550096383282654,-0.1757124203788681,0.055730455655218246,0
303,0.08579458068250774,-0.1850190460061701,0.05283036790985944,0
304,0.17528721517799078,-0.11308159596800396,0.055879018226607804,0
305,0.18146343270007512,-0.11596912146560265,0.05474932204119889,0
306,0.19084835070048597,-0.11160021017865338,0.056626069125447785,0
307,-0.01636170062739666,-0.11899024605911619,0.05578907580101642,0
308,-0.03672477512283021,-0.11375527222096167,0.05114503707151543,0
309,-0.05237823664137102,-0.12031695615827606,0.05747806874069041,0
310,-0.05364170097342198,-0.11139445482139594,0.056512876550147584,0
311,-0.04324039687910464,-0.12418427005781285,0.05200057129358756,0
312,-0.03021135464685578,-0.14161001700210313,0.06136898348109422,0
313,0.010409973960875929,-0.14287938987930687,0.05330678724103932,0
314,0.028356942878966018,-0.15384038104767297,0.05492011470554342,0
315,0.0367605923834279,-0.15133870005681901,0.06147538507894044,0
316,0.045920760826707686,-0.15310587683874413,0.059594921513549226,0
317,0.049862873252217096,-0.14848018995138637,0.0590072538323921,0
318,0.037105417181325914,-0.15900776224668006,0.051790643052304366,0
319,0.20522497702984147,-0.18672598318872163,0.04050064544920644,0
320,0.18597723795230486,-0.19337235704008138,0.03814938551992546,0
321,0.27154449987375606,-0.2082598915313592,0.03834016782328452,0
322,0.24264115864504615,-0.23794005767953325,0.03476884273873145,0
323,0.2584447366810842,-0.2296658251291329,0.03389802858403449,0
324,0.25929038785239233,-0.2271269995498487,0.03510309265313839,0
325,0.2486192160085558,-0.22984045627600577,0.035237903681441154,0
326,0.24464717754509008,-0.23816500492688136,0.03490309941863645,0
327,0.24894637892764276,-0.2324428109814439,0.03454173750277606,0
328,0.2185949287854271,-0.2530105051686308,0.0583545143216917,0
329,0.21578593985736538,-0.2014619920352189,0.06122691771686114,0
330,0.2158210975565727,-0.2077804134492292,0.05752284961769838,0
331,0.21333932694308594,-0.18532260368829054,0.052519134734645624,0
332,0.19535620355935981,-0.14650651474401183,0.04328183425922565,0
333,0.17990285072085027,-0.15090678198697471,0.046960607034331615,0
334,0.18029605728295817,-0.1566796232819984,0.046986340295886976,0
335,0.17449426560101905,-0.1513564950276246,0.04832167574664683,0
336,0.16479644562709259,-0.15365911045279618,0.04451861903247144,0
337,0.1908784234678941,-0.15106937882247654,0.06022008349918835,0
338,0.22802910985336733,-0.14283035432877436,0.0588441986222333,0
339,0.248908701851337,-0.1364890414863154,0.0501406204308313,0
340,0.18984080124528022,-0.15354101212817822,0.05243420035139409,0
341,0.11580328450785116,-0.14238348269930057,0.0545915147871706,0
342,0.12098395288860608,-0.14004341275790896,0.05693181981041885,0
343,0.12019087070520067,-0.1406680255576382,0.054954985668247434,0
344,0.12216333694309345,-0.1364909250037095,0.05486460147175552,0
345,-0.01055999520962434,-0.1494418319759775,0.041131291067701144,0
346,0.042738986601304194,-0.09900152103240956,0.04023450266820383,0
347,0.04276960274777388,-0.11314438353862469,0.029979380400523798,0
348,0.08615923915190749,-0.14914501354123522,0.03656240072677593,0
349,0.13659031267541785,-0.1481951479286003,0.03626945094164206,0
350,0.15126204762180753,-0.14427883054022447,0.03039838638583825,0
351,0.12976451488695667,-0.20684730494670509,0.05910588225698983,0
352,0.19696672332246212,-0.1656923504410631,0.0660023287010795,0
353,0.23266117994464128,-0.14972768688101273,0.06570694921156406,0
354,0.20639760350955716,-0.15290287983351755,0.05338091443939476,0
355,0.1330673962795382,-0.11841245971322482,0.05544551396815979,0
356,0.07498965329353605,-0.11326482882024361,0.07256448337656532,0
357,0.07852938200944393,-0.11055683809338517,0.057419222986047694,0
358,0.07555508972848868,-0.09455745899657661,0.0411827751054527,0
359,0.0662916051239748,-0.10952214233100692,0.05198390915189679,0
360,0.08066709424596823,-0.10953216154935115,0.04991001361185149,0
361,0.09646841733951698,-0.11568648918341315,0.07769943213190117,0
362,0.08946985274413181,-0.11301924642217805,0.051985815932019765,0
363,0.08940752993095682,-0.11677276761445268,0.04484357955833501,0
364,0.10057709369889682,-0.12544195126433963,0.05614004556129861,0
365,0.08605789810820327,-0.12890329578788132,0.05588876947592134,0
366,0.16321129310798582,-0.14283558923053918,0.04518204436406667,0
367,0.17920109904934584,-0.13781788176385948,0.051023583029670985,0
368,0.18192648032187542,-0.13971946113162734,0.0487649400775556,0
369,0.2674868152669625,-0.18517240226975443,0.04529003569728872,0
370,0.28838800414648125,-0.1907856975528492,0.051518295375361386,0
371,0.30202892889487437,-0.2211270099802954,0.04565509683846809,0
372,0.30026388000111326,-0.22369965138091535,0.04437354347758652,0
373,0.2982981233733747,-0.22401434409520152,0.04111990523281503,0
374,0.27388097238783365,-0.2207771339444399,0.039299677941315635,0
375,0.23423107466489806,-0.28036664432696795,0.03922941709305831,0
376,0.19759913552198638,-0.2934636596543908,0.05091207709316713,0
377,-0.0053248198597662276,-0.10262372517496823,0.05453949029418349,0
378,-0.0298691048413152,-0.10650815735489143,0.05401356352841104,0
379,0.01724300884745724,-0.1224447941935812,0.05247375249720093,0
380,0.20224919991684992,-0.24592473880853777,0.03319650195754882,0
381,0.11969702645819354,-0.17094415600277296,0.06931054594222848,0
382,0.16381196846478185,-0.17260653498762252,0.077528787731853,0
383,0.013076306973044493,-0.16627299616678373,0.08884492826237181,0
384,0.09634492821194192,-0.1657480093567906,0.12924495696438187,0
385,0.2020445591454237,-0.32366083500050624,0.05830695111916685,0
386,0.2849489149369248,-0.25597314101237717,0.06181545343190783,0
387,0.25718756006295046,-0.25159845141528897,0.04957849431173476,0
388,0.22593429671953072,-0.24041586631345607,0.06085331837482029,0
389,0.20619088898088817,-0.2425677146038759,0.06019878978849584,0
390,0.19942997822949876,-0.24829708260140362,0.06116164924311723,0
391,0.24938754657257287,-0.24578790293827502,0.06212435777678742,0
392,0.2612591977203488,-0.24809253636967812,0.05841595534919648,0
393,0.2857003814607525,-0.21857216151333528,0.0986319179591282,0
394,0.2863202447120119,-0.22989074375025198,0.10448356089239907,0
395,0.28775631868660734,-0.2384808408414294,0.1169402818040954,0
396,0.2879101553370885,-0.2297290514240648,0.10183283198284446,0
397,0.28675132675627496,-0.2332467583200421,0.09952037759369738,0
398,0.2846149138852242,-0.22358347117523164,0.09337814204829775,0
399,0.23027296599838426,-0.21011296426354525,0.14432374745422633,0
400,0.20227864971044016,-0.1955639753254474,0.10417315536700864,0
401,0.04052817179139874,-0.19301399065858685,0.07547440771582532,0
402,0.02706016564393412,-0.16747767243360034,0.056040838306520846,0
403,0.02506214199879899,-0.11671676854789467,0.1141991934459959,0
404,0.047074704840209015,-0.10965155421448278,0.051557545514993655,0
405,0.05439923060869587,-0.12203110477995313,0.036165592513451625,0
406,0.19765836079816582,-0.12947709850482553,0.04418984220332987,0
407,0.20372925848441806,-0.12912960476471808,0.07920365477694713,0
408,0.20901879985333988,-0.1270899121280489,0.06569861111475524,0
409,0.21399750891004135,-0.12660609726904895,0.10195880927867637,0
410,0.21268239513291137,-0.13214807480028087,0.0822254570032198,0
411,0.20874170265853165,-0.13315837913969034,0.07438654931596543,0
412,0.18229951762713012,-0.12671209825174193,0.06204855709527203,0
413,0.14969042602404486,-0.11565033593654035,0.08112692837293947,0
414,0.13757167164256182,-0.09783337614175411,0.07906945515656803,0
415,0.16653240653128726,-0.10050573921227128,0.07656590303856078,0
416,0.11466141182067799,-0.09289596804863395,0.07618926701089826,0
417,0.07151174924291684,-0.04360021735994152,0.0681971806874497,0
418,0.03365758670426069,-0.17275873759239807,0.04621279022372574,1
419,-0.027572317572029936,-0.1671406511162013,0.06369673549073247,1
420,0.05132614095686181,-0.15922694620713748,0.06959854933167971,1
421,0.019852037732681717,-0.14128786745954178,0.07583654503151485,1
422,0.03296763932193887,-0.16529471285007286,0.08979538581625797,1
423,-0.022020003520476283,-0.17216131112930194,0.07446188131622355,1
424,-0.04949598357455036,-0.16152615918011395,0.06328130995650638,1
425,-0.05150136842191415,-0.16436142618437616,0.06040867726515827,1
426,0.008567822948552007,-0.16062173247488915,0.06903935926811249,1
427,-0.059243372204143926,-0.15742394460226325,0.07350568368713098,1
428,-0.07535310322830595,-0.15716794836561615,0.08347378223936273,1
429,-0.09959856606508337,-0.1564095050491629,0.08585233970778579,1
430,-0.08804310005701513,-0.15743438494717316,0.0829119008236282,1
431,-0.08924843613479086,-0.15454970882813052,0.0761983853720027,1
432,-0.06961142938579319,-0.1579162630100142,0.0736645661617877,1
433,-0.006572547429020581,-0.16806847399704766,0.07064958296901697,1
434,0.05554550302642802,-0.1649341590669811,0.07823653107455156,1
435,0.057918328739951216,-0.1733253413971981,0.0789484805479854,1
436,0.09388152705726042,-0.17022111752580865,0.06950130333186513,1
437,0.10704557695472046,-0.1945862659738717,0.06387141105309793,1
438,0.21833769170673337,-0.10422926106900136,0.07238191087757603,1
439,0.1785847401808695,-0.13253032576423038,0.07002350126235639,0
440,-0.014961427867964349,-0.1498032112465713,0.043662297287065055,0
441,0.023778281836244464,-0.10301811335264592,0.03938387147561793,0
442,-0.009984465502301365,-0.10194640750780619,0.039943385493286014,0
443,-0.028290650983536513,-0.12463121630877491,0.03772575792243794,0
444,-0.029345176930267457,-0.1332269445740542,0.045553884881341586,0
445,-0.06839310066861515,-0.11564346446560933,0.07079706158536185,0
446,-0.015491982105875213,-0.13042822907940138,0.09388594252197148,0
447,0.0010097479269702615,-0.12361014798191272,0.08570759981092818,0
448,0.06943841141694626,-0.19583545474601335,0.047807192935955714,0
449,0.06184181483945368,-0.1943064385879797,0.04630630240476453,0
450,0.05886308450651092,-0.19756016763265238,0.06096705585948982,0
451,0.04682421642165853,-0.1979661716372246,0.06436698486098842,0
452,0.08877964821954758,-0.2004139242859341,0.04883451446633755,0
453,0.1261358193032648,-0.19672830408668723,0.04498896962473945,0
454,0.1315470890972875,-0.19861447252032488,0.04344266844392583,0
455,0.14216720502380814,-0.2026607403304379,0.04680813252056854,0
456,0.1676911981509662,-0.21243144968972497,0.04597655756667393,0
457,0.2290517598317979,-0.20889293634898043,0.039471412038236474,0
458,0.2183031822941484,-0.21036207859222422,0.04042898133983844,0
459,0.21778893300483415,-0.20992346877755685,0.04041843786803372,0
460,0.222059276552606,-0.25689807867236086,0.05050309168666898,0
461,0.18936997011180462,-0.27868945814915513,0.053104435300435945,0
462,0.2148715229660619,-0.2798228552911744,0.05463923938148339,0
463,0.21485139402010525,-0.2794115583668565,0.04771741980925812,0
464,0.2341179796880361,-0.28607310284982657,0.04520288220302094,0
465,0.2278608972807977,-0.29115214896139924,0.03259349827137013,0
466,0.2283014072751953,-0.2999948259736489,0.04306286287929799,0
467,0.20269473645066055,-0.3362591112151111,0.03479005218669821,0
468,0.18557611423103965,-0.2403854826525044,0.055776839906648654,0
469,0.24155489705254102,-0.18793480976386936,0.04610643628145259,0
470,0.17375694896762214,-0.17861928605185287,0.05173924614147326,0
471,0.17162361951001498,-0.15495631102545254,0.052535669275801056,0
472,0.2555192145743438,-0.15555904083296873,0.0491496109920669,0
473,0.1944638135543079,-0.144568994927273,0.049388892058444836,0
474,0.1961231340464543,-0.14766942917214068,0.05270505253152015,0
475,0.19791453210178997,-0.1467703143586915,0.05994786714639037,0
476,0.20391082680015712,-0.1465114282865079,0.07121368273524037,0
477,0.20511490321025067,-0.14920327188071666,0.06862759360160371,0
478,0.09416191637340514,-0.16701562814305948,0.08960639534347245,0
479,0.09358040710511539,-0.15330910529204309,0.08468977695750803,0
480,0.1972140835266667,-0.30578586215799974,0.08284549327937245,0
481,0.2738192982097189,-0.24164125936515365,0.03581270816479226,0
482,0.2596751508432604,-0.2440400928623451,0.053168096935132914,0
483,0.26926857657171427,-0.22693672949488342,0.05680068555553084,0
484,0.2723532689918843,-0.22461081070458427,0.0354223171084959,0
485,0.26958897438609675,-0.21304557260565757,0.04011820005928553,0
486,0.20407822428445957,-0.1907718206106015,0.04517336033607579,0
487,0.20322603549113585,-0.18319356083203533,0.0408368585098736,0
488,0.19377526223402458,-0.1857927293484159,0.05527621006019209,0
489,0.18589735789230813,-0.18647065721834027,0.04993850041588927,0
490,0.1509258854640824,-0.20194527585177022,0.06095225368220218,0
491,0.14061183140581873,-0.1883536221943996,0.07096903529670755,0
492,0.1360734610291845,-0.19117708366128633,0.07811593418781067,0
493,0.13698285449930644,-0.19252358052619262,0.07655603322117166,0
494,0.13797855217184812,-0.19210940584194874,0.07418191165952667,0
495,0.14500594829409658,-0.2046534977646409,0.042355451993333466,0
496,0.1728736365407873,-0.19395113467665942,0.08067945335031784,0
497,0.17415384824946273,-0.1905435317703506,0.08811550653085697,0
498,0.19001399991721013,-0.20281732330513486,0.06531671503662541,0
499,0.19289549086660435,-0.2109399322980085,0.09314423063631057,0
500,0.29033068587567185,-0.2684832630090332,0.07164460358088776,0
501,0.1108955899725756,-0.17591071146063192,0.07342212336049841,0
502,0.07710480685803604,-0.17859379461569946,0.06165098788761007,0
503,0.07187389634455296,-0.16983690209254404,0.06141441419004597,0
504,0.13596526048010138,-0.14340646264399748,0.07249952775913468,0
505,0.13261331594908204,-0.13793374994250024,0.11092597698207833,0
506,0.13531140295046593,-0.23265296566063082,0.1005172064458176,0
507,0.14706789995535002,-0.2106253048544046,0.052573047382101404,0
508,0.16266013009736788,-0.15165015483708227,0.05676195183297428,0
509,0.18226312967915875,-0.12601039383034843,0.07669829675066282,0
510,0.15124505605021174,-0.1352406582168723,0.06386620680465378,0
511,0.16124564992335907,-0.159929575702443,0.06504271459245231,0
512,0.13427180324267995,-0.13658196507358084,0.055731065033581086,0
513,0.1421962448281703,-0.14092628871727483,0.05816238311812179,0
514,0.13656404667845684,-0.1423717812867392,0.08204426936268865,0
515,0.16182288680964801,-0.1488458694444051,0.11681721282013327,0
516,0.138034396158934,-0.14964752563530848,0.11628867319658667,0
517,0.1324219526357751,-0.13866230029587048,0.1103404827852235,0
518,-0.07579027394408748,-0.13258370587664467,0.1049563815488838,0
519,-0.08529622839289411,-0.12340464416445955,0.09343853030426695,0
520,0.061151886605626246,-0.1265242081138494,0.07178052401126103,0
521,0.058046546509046906,-0.1329175409700037,0.061041180843032526,0
522,0.048654341496219236,-0.13000572732915927,0.048606851771863364,0
523,0.058111320451930085,-0.12229846167398817,0.05612728517619847,0
524,0.046167562505533465,-0.12316588643009674,0.052905189906186575,0
525,0.05909991883472547,-0.11977416093401552,0.06322181010929931,0
526,0.1382220408835774,-0.12322869046223364,0.06899661967083798,0
527,0.21030108739070133,-0.12222492850238428,0.10954280781574513,0
528,0.21396895264901303,-0.13464162709083344,0.09902677251083032,0
529,0.28880736595894546,-0.15879136834026616,0.08455062856536223,0
530,0.28674372178128993,-0.15697921911702267,0.07891005630623683,0
531,0.2681349575869362,-0.17431100793049417,0.06455803483060245,0
532,0.1645156101225782,-0.17228189479210407,0.055852385115651174,0
533,0.11536548223327436,-0.16440648124865015,0.06326991344027516,0
534,0.18477148895839074,-0.13216448320850932,0.05089480373765163,0
535,0.1609803657918015,-0.30816042574499314,0.03405137673026191,0
536,0.24375528770134353,-0.23068407203234081,0.0437602950546757,0
537,0.2136192900603934,-0.21527143394865714,0.047253130254794565,0
538,0.187192508391329,-0.1771987476857551,0.0479004760948227,0
539,0.21554917134653184,-0.2896893379854391,0.04714647808534872,0
540,0.2645970530608884,-0.2378649440402245,0.05038452951309671,0
541,0.30010351269019653,-0.22585532692368776,0.05393807898864781,0
542,0.2960216629028936,-0.2162093472673403,0.055048106085113235,0
543,0.28121555767313267,-0.21358874582205764,0.05532840792779011,0
544,0.19646799652987562,-0.21068551454915804,0.0881287706965638,0
545,0.23494394726237858,-0.2034871246538074,0.095228544753756,0
546,0.23533232501715995,-0.20451043425682922,0.08126556179838444,0
547,0.24172284320898277,-0.20306387238545304,0.0761877985935566,0
548,0.24796366394293612,-0.20370177537933193,0.1078679784330721,0
549,0.2539824939882428,-0.20823057397957342,0.10804068227302481,0
550,0.25943723415018455,-0.21083946774842563,0.10636652147464629,0
551,0.2648198087751541,-0.2127880065464937,0.10772397559060906,0
552,0.26694631132867414,-0.2189183153917195,0.09414673372436101,0
553,0.267871023022021,-0.2253789031438377,0.0879019410917079,0
554,0.26836216044269534,-0.23275267475493971,0.09526045041730276,0
555,0.30878414806754684,-0.24822518104871846,0.11284727414629811,0
556,0.25932174738471964,-0.290834888426086,0.09356150061617437,0
557,0.2186817267824181,-0.3667379466139196,0.07722391692859369,0
558,0.2344748051598003,-0.30971499048117523,0.040945274365630904,0
559,0.22337858719890558,-0.24040267703145393,0.056226216489576576,0
560,0.29116084514182206,-0.18562645229706543,0.030133628746303088,0
561,0.1957336548653464,-0.1804455073444383,0.04328485183967656,0
562,0.18308737156959637,-0.16968263978553472,0.044269530608565075,0
563,0.17723258945302872,-0.14957243011439564,0.051096020618715654,0
564,-0.0018455640328434609,-0.16596415298319306,0.04688036175263498,0
565,-0.013057639969080492,-0.13815412358617393,0.054271895989887076,0
566,0.02495415747194545,-0.14100392087900065,0.04488216767161503,0
567,-0.00010584509460875857,-0.14233851339403775,0.05438979644470034,0
568,-0.008824345944716904,-0.1450200357539193,0.05218278333511882,0
569,0.04425291649844283,-0.14470948453672244,0.055877351300211334,0
570,0.021040228838377306,-0.14528659610310662,0.049075028688319706,0
571,0.001025906490279116,-0.14566260195133265,0.04659845323968771,0
572,-0.0016396964106309754,-0.1419727597562232,0.044896766515114754,0
573,-0.008504833118122956,-0.12909153485165,0.04539700037047385,0
574,0.25753874576332847,-0.24040050198362514,0.04202101163749743,0
575,0.22670880748038744,-0.24537151534102467,0.03643332038258253,0
576,0.18503480839513492,-0.24443514406415368,0.036816210591263956,0
577,0.1994540171785165,-0.24618771085172458,0.037272436550035815,0
578,0.21508615578693052,-0.24994144552566172,0.031204796654654594,0
579,0.21721651658338031,-0.2503306146876626,0.029490370395755482,0
580,0.23164814889651808,-0.2677822941304772,0.04979243613389205,0
581,0.21602186818086203,-0.2780841365203688,0.05814222108933518,0
582,0.21607536587383605,-0.2702698395427011,0.03258264619668853,0
583,0.21651420248823552,-0.2679333344418551,0.03389036614856119,0
584,0.21961647265678383,-0.26930236647078754,0.03477720953453763,0
585,0.22810975690392615,-0.2653242637328993,0.027423938379470308,0
586,0.20431474704399655,-0.30703908331079344,0.02330143077722854,0
587,0.18271045962641916,-0.3086001380914313,0.04168615116279875,0
588,0.1778381590129139,-0.30104720327766643,0.04365370538195379,0
589,0.2046624484435453,-0.29072181013214865,0.03933280351349959,0
590,0.14258303924947713,-0.29901541788135655,0.04092030561681722,0
591,0.14792150768238949,-0.28816124127301246,0.028355629995964242,0
592,0.14376909640559923,-0.2918724138281258,0.05031173964005105,0
593,0.15438142270511324,-0.25084619672406383,0.030754519039555884,0
594,0.1667624935246427,-0.2575058917042917,0.059761780053110294,0
595,0.18134671818293863,-0.2526587085492752,0.06536338139375669,0
596,0.2521016342417984,-0.2588169304759375,0.06326759034104214,0
597,0.24449847907247113,-0.25982766765990256,0.06360802155160952,0
598,0.2457796903080423,-0.26736383279708265,0.09346109335714312,0
599,0.2571759327436434,-0.26123021707456606,0.09232088877621125,0
600,0.2566165814287437,-0.26378595571066643,0.05473370795337892,0
601,0.2078797521775108,-0.2638061835736987,0.05683087504306785,0
602,0.21327473480505157,-0.25468843327729174,0.06345340245864518,0
603,0.22890067943094644,-0.24684361138231248,0.04820722506559497,0
604,0.20716660437712892,-0.25786559902301015,0.04644452016552349,0
605,0.18879330842578845,-0.25641073904922074,0.04799575281660029,0
606,0.15052711777686217,-0.260127660145998,0.04967838384101677,0
607,0.17088383890736022,-0.24599126884263117,0.051965917876977755,0
608,0.15021012176851026,-0.24220037104087622,0.055340941920406936,0
609,0.09726500091409007,-0.21968800787586273,0.05709108107394041,0
610,0.1872416683929068,-0.20723663553264876,0.07389286478250903,0
611,0.2025543686898009,-0.21796370329695752,0.06714216597166944,0
612,0.20399923214785906,-0.21556834371840422,0.07275811227589495,0
613,0.23297312071143012,-0.22089101706043782,0.08137929877197815,0
614,0.21069821103652528,-0.21696696658814182,0.04466678689546803,0
615,0.2083487022005001,-0.22149137572217747,0.04280873201152043,0
616,0.21420553815156285,-0.2165923210469915,0.04029924876967371,0
617,0.21269832429976154,-0.2254826258218638,0.04875216535890066,0
618,0.21149403132181394,-0.21504492233783848,0.04208826761929947,0
619,0.21055381017768768,-0.2272139081475578,0.04343938808811985,0
620,0.2165252621856219,-0.17850589041051165,0.04353247421226956,0
621,0.25541613828903315,-0.15446342856877376,0.038875064580827054,0
622,0.19579061533321052,-0.14420515869543143,0.045775779884833334,0
623,0.14465793683824207,-0.12922854979173296,0.04410381317262712,0
624,0.1507339908625823,-0.12633180737907698,0.0490755887568059,0
625,0.14518151860599854,-0.12126076074278724,0.04844402208792373,0
626,0.14237130565815614,-0.12604728340119808,0.04884343263213662,0
627,0.14575448257277723,-0.1215563474338472,0.06545030474143536,0
628,0.13424163477802967,-0.12416108901863679,0.05785554178637746,0
629,0.13052524652480574,-0.1437312690626761,0.05556477702398197,0
630,0.050785380752510136,-0.15196392860610528,0.0716312593270974,0
631,-0.0031593498540957387,-0.15136810595288805,0.05809134455535124,0
632,-0.004270349826716702,-0.14609323935009935,0.05848367459319098,0
633,-0.002038169570250803,-0.14836489029203273,0.060771794856812555,0
634,0.0024660596169143734,-0.16114683468574234,0.06369709595857488,0
635,0.025065372192608272,-0.16506749625303146,0.0655737983215947,0
636,0.08164425598736731,-0.1682912743558595,0.06596702771209977,0
637,0.10961529286460961,-0.16996074451313242,0.0657042862498275,0
638,0.11644363068228061,-0.14880688280963514,0.05563866275892811,0
639,0.06468335261802913,-0.13860654152280266,0.06232967676925805,0
640,0.10817085973793761,-0.1329821634080272,0.03175331897430043,0
641,0.15354094618052963,-0.21542234226505577,0.045160513374131926,0
642,0.1937151788771568,-0.1524210049867761,0.05921453449412234,0
643,0.19218095781862504,-0.15489952980303356,0.053380906632480705,0
644,0.1932465310216293,-0.14442597993376552,0.07174338872655309,0
645,0.213554533573467,-0.1379531641486666,0.04636366867536522,0
646,0.027293024101267393,-0.11506054937522307,0.04617713941445963,0
647,0.06692769823964317,-0.20581496496489443,0.043001035816093255,0
648,0.07478555476129745,-0.20948456941952448,0.04306294579249112,1
649,0.16740955237389427,-0.2226762281117553,0.06165779887467263,1
650,0.1493394174250709,-0.22447839683715784,0.06974823200842999,1
651,0.16693330362512143,-0.2029583635656576,0.0641568799311133,1
652,0.1497448658030684,-0.1868757831477047,0.04258102229398517,1
653,0.15427107108091134,-0.17554186763130875,0.04472759000782184,1
654,0.15297469936546046,-0.17323054633453502,0.04779528069979348,1
655,0.07795394470914632,-0.16325473497783433,0.04436841800321534,1
656,0.010587743335328836,-0.1614715377593138,0.04251413423405288,1
657,-0.0012246651459730362,-0.1622359102826841,0.045638276853464124,1
658,-0.006314275564354199,-0.15939176320349513,0.04553131613134985,1
659,-0.013850843796945211,-0.15297345523122224,0.04643870252876259,1
660,-0.005465391825632926,-0.16004673848492745,0.05384047567643,1
661,0.01338632417736787,-0.15817705828046852,0.04772900168317203,1
662,0.10753458073520084,-0.15749500056014182,0.051133324255884904,1
663,0.10539529220360459,-0.16760258417346643,0.051134632529743484,1
664,0.11115299450787294,-0.18514741395659043,0.06125603717158838,1
665,0.1735693442518132,-0.19224719525246073,0.06310241205476314,1
666,0.15784145143319067,-0.20037436006708043,0.07130440544550036,1
667,0.15153890136210527,-0.2255400350831646,0.04105937486322797,1
668,0.21710192713968857,-0.23199724795933224,0.03841760908744491,1
669,0.18236574669685127,-0.19756507660775108,0.03906230429844605,1
670,0.1888819019404379,-0.22304592541751234,0.04387619741676484,1
671,0.2517271171246721,-0.22268643640019614,0.03860522079284825,0
672,0.2411405242121544,-0.23262291763803478,0.041267840868846495,0
673,0.2509392168229547,-0.24014864544650485,0.0756637833837421,1
674,0.23095502713533533,-0.2340553820882249,0.06981011762626445,1
675,0.24484522602688,-0.20048135961982622,0.07254356355151474,1
676,0.17774556741948064,-0.16198143778656243,0.07529599490348123,1
677,0.17786432092532917,-0.1771679720577214,0.07807850569289042,1
678,0.21860835880713023,-0.21602489164397665,0.041043832762253235,1
679,0.20547427473875,-0.24787204204526123,0.04655341339232687,1
680,0.210728499183153,-0.24178568716595716,0.053642893872500944,1
681,0.17050254941549964,-0.2516215752433493,0.0417149831493316,1
682,0.22896546305516927,-0.2524479696884506,0.04161357474978511,1
683,0.2573427179229974,-0.24985611197298013,0.05269667985184125,1
684,0.2535448806142865,-0.25354807817035885,0.04806641682585068,1
685,0.26090643587204654,-0.2579466030546059,0.04705290905685672,1
686,0.2667062544519988,-0.26592607296924425,0.10688643231338228,1
687,0.26677433191895494,-0.27209621705089165,0.052570773699282536,1
688,0.24087938313067386,-0.2628299086037579,0.07134736157639861,1
689,0.26099919594549925,-0.20020471967197725,0.07472641321398278,1
690,0.26857820275392325,-0.19425288111389477,0.07446022912264962,1
691,0.26455025023121503,-0.19490819378736163,0.08361982938330881,1
692,0.25726196909026233,-0.19750680364030485,0.08642406241908646,1
693,0.21865763056413426,-0.20619980508494615,0.07330242528256066,1
694,0.2163347699215396,-0.21270398668155127,0.05590984920635744,0
695,0.22238404041385826,-0.24207262244607497,0.051858984624461965,0
696,0.13562710570492326,-0.29681212137595486,0.049726542239903325,0
697,0.13467562847029968,-0.296343586051098,0.05002909666595677,0
698,0.1627771200768077,-0.29752979245386,0.0537640090394645,0
699,0.1491945665770909,-0.3028821494260172,0.05254150318239713,0
700,0.14270525164500353,-0.3069543769186584,0.050812031242349384,0
701,0.18028981700135213,-0.30027001271419446,0.052755461673307025,0
702,0.18045592292300222,-0.2789561618570099,0.03726564034146168,0
703,0.21352758627409957,-0.273317424809327,0.06209189120697474,0
704,0.25509192830325605,-0.24764256289672276,0.0601220543778734,0
705,0.21570003360891357,-0.2067822615310922,0.05866791920372818,0
706,0.23513594264056029,-0.1575753765704068,0.06931725178702795,0
707,0.23731087813761348,-0.1426388504507288,0.07273013753531184,0
708,0.09550432053766697,-0.1292660594732062,0.059812231069473865,0
709,0.05294154358276408,-0.10839527412601253,0.07605058698265876,0
710,0.046169952105653334,-0.09791169044659273,0.06522226502309125,0
711,-0.07085393377443054,-0.08129708179739602,0.05470702742137777,0
712,-0.05570614742503861,-0.08330628883021785,0.0645825701829488,0
713,0.09157222357448877,-0.14012383215695412,0.07281575801443221,0
714,0.06328143915741284,-0.1530510524912592,0.07636550626018015,0
715,0.0664466680857021,-0.1590124523678378,0.06829741163202616,0
716,0.08588323550727686,-0.14747420791663907,0.06732921185070509,0
717,0.09370926945581828,-0.13504681430873094,0.06255697635761653,0
718,0.09185699534725433,-0.13166042150167043,0.06450255817854958,0
