,0_Interquartile range,0_Kurtosis,0_Mean,0_Mean absolute deviation,0_Median,0_Median absolute deviation,0_Root mean square,0_Skewness,0_Standard deviation,0_Variance,Class
0,0.36268939,0.297377893,0.294510219,0.220563477,0.232928578,0.197271869,0.4058341,1.021790538,0.279222219,0.077965048,0
1,0.435356198,-0.664482682,0.34669203,0.257355186,0.28729505,0.229449295,0.467650935,0.708285499,0.313850335,0.098502033,0
2,0.43395683,-0.679120573,0.353320439,0.253861201,0.328519278,0.223457651,0.470940059,0.670114354,0.311366677,0.096949207,0
3,0.366986191,-0.435061158,0.322346829,0.248848894,0.280734429,0.208440437,0.44622547,0.853472137,0.308560678,0.095209692,0
4,0.381093614,-0.412521396,0.313423127,0.252208125,0.250017993,0.192305772,0.440582784,0.872213205,0.309643558,0.095879133,0
5,0.407625668,-0.672889188,0.335752331,0.257063665,0.280467118,0.222853423,0.457553789,0.703703359,0.310846975,0.096625842,0
6,0.487961713,-0.876068746,0.360555854,0.257870196,0.354772751,0.282478759,0.477204218,0.567105024,0.312607329,0.097723342,0
7,0.470140491,-0.367628301,0.337027276,0.23816287,0.274181084,0.231646877,0.440744673,0.684372882,0.284021975,0.080668482,0
8,0.310002488,0.877409751,0.290435462,0.209909086,0.244492164,0.171579453,0.392855816,1.153976684,0.264542879,0.069982935,0
9,0.281504296,0.709022647,0.32439579,0.20201128,0.297144951,0.138015023,0.413873398,0.978365352,0.257018602,0.066058562,0
10,0.325321443,0.607091779,0.323875263,0.204808241,0.303505444,0.148342944,0.415101376,0.93229596,0.259641997,0.067413967,0
11,0.363524755,0.549485689,0.321130818,0.207552685,0.303505444,0.174415703,0.41426763,0.924050366,0.261711037,0.068492667,0
12,0.385898899,0.512759357,0.312376646,0.210971635,0.300539528,0.187347362,0.410042238,0.917327906,0.265622793,0.070555468,0
13,0.385898899,0.450038517,0.308115794,0.215232486,0.300539528,0.203822243,0.408578035,0.916583557,0.268329402,0.072000668,0
14,0.388671689,0.505845204,0.29273586,0.221012753,0.23981509,0.194078776,0.39958903,1.015787812,0.271987333,0.073977109,0
15,0.363602854,0.86519425,0.272648564,0.210062419,0.230316858,0.184256174,0.374768277,1.122029376,0.257126471,0.066114022,0
16,0.336951678,0.01652092,0.294957331,0.235070627,0.169845495,0.135295102,0.409584048,1.053465668,0.284181747,0.080759265,0
17,0.336951678,-0.044718708,0.295837665,0.236171044,0.169845495,0.135295102,0.412064764,1.052892763,0.286840454,0.082277446,0
18,0.346197513,-0.052055449,0.29569474,0.236278238,0.181034146,0.146483754,0.412193998,1.047106977,0.287173315,0.082468513,0
19,0.346197513,-0.024002516,0.288637721,0.239311842,0.166423878,0.127043419,0.408602926,1.087496804,0.289213792,0.083644618,0
20,0.247652952,0.488948898,0.284893274,0.220492527,0.166847362,0.083941491,0.398423727,1.29857297,0.278526998,0.077577289,0
21,0.188414102,0.878665229,0.268164231,0.209854218,0.153692403,0.086717019,0.385622758,1.445169402,0.277115241,0.076792857,0
22,0.211587992,0.847084947,0.270313339,0.210217134,0.153748898,0.093915347,0.386942714,1.427124837,0.276867049,0.076655363,0
23,0.263138528,0.492004722,0.283383743,0.22000912,0.166847362,0.100578545,0.397657903,1.273642266,0.278972153,0.077825462,0
24,0.340588686,0.082735234,0.29945528,0.233991079,0.177904233,0.127985809,0.413841926,1.100933365,0.285642566,0.081591676,0
25,0.321328844,0.560228174,0.281127173,0.221904068,0.159540018,0.112536549,0.395979853,1.268188734,0.27886835,0.077767557,0
26,0.227180662,1.337088541,0.25927063,0.204031583,0.143535363,0.103986906,0.373122175,1.499262678,0.268326103,0.071998898,0
27,0.201521956,3.097564343,0.228442873,0.173876811,0.131579608,0.081803498,0.331252733,1.854029374,0.239879609,0.057542227,0
28,0.445142617,-0.152458832,0.304202459,0.239355233,0.181824478,0.147406152,0.412211715,0.90446272,0.27817146,0.077379361,0
29,0.441611286,-0.232867439,0.315599612,0.238848649,0.216622668,0.166846558,0.419282992,0.834588992,0.276034621,0.076195112,0
30,0.393697423,0.004302113,0.312009097,0.230873208,0.194257838,0.157365406,0.411888055,0.899655617,0.268890486,0.072302093,0
31,0.359819668,0.664917996,0.288676968,0.215573393,0.171272569,0.129838176,0.388165644,1.129224774,0.259496003,0.067338176,0
32,0.360123592,0.522055509,0.298293745,0.216253037,0.195184549,0.158282816,0.395112643,1.043544872,0.259103923,0.067134843,0
33,0.332203583,0.85995684,0.288981085,0.206938678,0.202662211,0.148469108,0.385240948,1.153691186,0.254755805,0.06490052,0
34,0.317842807,0.880691947,0.29175057,0.203134589,0.203830346,0.141870498,0.386205074,1.160372922,0.253053283,0.064035964,0
35,0.291268104,1.073411565,0.280828418,0.199917716,0.200181206,0.128591444,0.378283589,1.280726164,0.253444024,0.064233874,0
36,0.291796128,1.09241122,0.265292712,0.203888597,0.159985544,0.110973219,0.370441428,1.356716413,0.25854715,0.066846629,0
37,0.240087928,1.21949873,0.257905507,0.202837166,0.13798977,0.094562225,0.367724882,1.450153362,0.26211894,0.068706339,0
38,0.272053758,1.110089053,0.257850317,0.206765764,0.132198487,0.083238449,0.368187985,1.421883233,0.262822385,0.069075606,0
39,0.325505384,1.087825845,0.244997443,0.213641764,0.127554562,0.07229188,0.361604084,1.428692842,0.265958205,0.070733767,0
40,0.359568005,0.870506024,0.253839398,0.217707239,0.129488701,0.083485882,0.368119562,1.332285157,0.266603773,0.071077572,0
41,0.386419509,0.568163373,0.256877153,0.225536242,0.147639856,0.1207828,0.373985311,1.202853642,0.271807176,0.073879141,0
42,0.425174684,-0.260315833,0.287950649,0.256338217,0.162049743,0.137715473,0.413008578,0.959864975,0.296075174,0.087660509,0
43,0.474482705,-0.23505605,0.279027605,0.266291304,0.124334923,0.108095553,0.413785368,0.986121532,0.30555184,0.093361927,0
44,0.335217516,1.095902724,0.236717203,0.225091638,0.108143194,0.091903824,0.365942498,1.413236822,0.279067873,0.077878878,0
45,0.369826139,0.906881372,0.249373985,0.224719075,0.11920403,0.11051324,0.373408953,1.313904772,0.277933197,0.077246862,0
46,0.370488291,0.78953855,0.262606013,0.221363539,0.139240118,0.127761574,0.380546527,1.230955975,0.275415579,0.075853741,0
47,0.372063019,0.684237477,0.276735209,0.217502839,0.243016758,0.192169952,0.388386398,1.14175057,0.27250985,0.074261619,0
48,0.368362663,0.682138384,0.288284686,0.210875873,0.265024972,0.20190577,0.39391354,1.089998858,0.268439596,0.072059816,0
49,0.354505995,0.723518854,0.299868063,0.204665327,0.271279857,0.190574607,0.399188475,1.057856045,0.263496837,0.069430583,0
50,0.322060255,0.758396735,0.31601473,0.199137815,0.281846751,0.173703557,0.407524932,1.001122056,0.257315488,0.06621126,0
51,0.304706041,0.982848028,0.308800469,0.198595928,0.248559626,0.167828873,0.400141313,1.113004848,0.254470708,0.064755341,0
52,0.332024017,0.944401604,0.287260222,0.209617202,0.236308441,0.177578986,0.388454509,1.179298406,0.261492774,0.068378471,0
53,0.32070766,0.550797451,0.308793819,0.211786061,0.262954524,0.159320219,0.405579994,1.000351406,0.26294773,0.069141509,0
54,0.313381145,0.546404189,0.32470382,0.203519527,0.340685038,0.18275831,0.414766498,0.913552448,0.258067196,0.066598677,0
55,0.306118723,0.665610121,0.333053709,0.193293779,0.339109838,0.153326982,0.41814241,0.914037562,0.252820691,0.063918302,0
56,0.28942735,0.793232171,0.334356417,0.18814784,0.335177789,0.150161281,0.417223583,0.957806106,0.249562226,0.062281305,0
57,0.284833497,0.934430553,0.340185915,0.182066717,0.335177789,0.131285904,0.41906873,0.997135108,0.244728715,0.059892144,0
58,0.29131124,0.913226047,0.357471935,0.175584413,0.347738748,0.115013564,0.430242899,0.940011314,0.239421737,0.057322768,0
59,0.24157517,0.547653944,0.359508041,0.197419292,0.315469923,0.13532221,0.44786541,1.099623091,0.267090611,0.071337394,0
60,0.240695634,0.391234415,0.367227742,0.204185131,0.287251518,0.118992818,0.454018402,1.088220023,0.266976582,0.071276495,0
61,0.27813145,0.268359829,0.304334537,0.232150796,0.177355934,0.135400226,0.422227931,1.188986544,0.292672027,0.085656915,0
62,0.255440915,0.374730132,0.293757231,0.233852569,0.146753984,0.104798277,0.415839336,1.268329268,0.294328121,0.086629043,0
63,0.226124467,1.539129315,0.262227302,0.205476888,0.13465824,0.078689269,0.37926033,1.599405097,0.273998613,0.07507524,0
64,0.220784518,3.529202562,0.230963178,0.167358016,0.13465824,0.071052426,0.329328141,1.962669506,0.234761656,0.055113035,0
65,0.214413607,3.31272069,0.240616744,0.168730238,0.160808699,0.085839907,0.335480695,1.88662285,0.233775275,0.054650879,0
66,0.19527182,3.465278026,0.235240512,0.166233521,0.165550099,0.103256249,0.331284455,1.903858555,0.23326228,0.054411291,0
67,0.195763488,3.422138037,0.243605473,0.165081624,0.170096328,0.103818136,0.335758376,1.869780223,0.231062893,0.053390061,0
68,0.205527518,2.93525925,0.255250061,0.169276402,0.176809538,0.104113707,0.345239018,1.732909219,0.232459429,0.054037386,0
69,0.242434892,2.535494331,0.268398152,0.172870626,0.199669916,0.110232644,0.355228699,1.585946783,0.232701227,0.054149861,0
70,0.254841824,2.328037259,0.272348085,0.175895575,0.201608396,0.115639672,0.358975495,1.513241197,0.233858775,0.054689927,0
71,0.256258194,2.358673107,0.268756747,0.177669191,0.176809538,0.107982563,0.356727075,1.541733215,0.234571987,0.055024017,0
72,0.254242251,2.462419722,0.272622557,0.172884068,0.201608396,0.114208861,0.358107947,1.546164804,0.232203022,0.053918243,0
73,0.281794128,1.387095217,0.292443254,0.187402641,0.220537636,0.11116302,0.383091902,1.346883433,0.247459791,0.061236348,0
74,0.254242251,1.538992269,0.286448314,0.185766849,0.201608396,0.099756475,0.378280734,1.427603108,0.247070186,0.061043677,0
75,0.256103475,1.623691654,0.286059772,0.185637455,0.198852303,0.100422009,0.377046981,1.476411575,0.245630277,0.060334233,0
76,0.298184065,1.346018312,0.268527816,0.1956197,0.193324022,0.1405921,0.371074225,1.37488405,0.256103285,0.065588893,0
77,0.304842774,1.138888527,0.277273096,0.198384012,0.199720581,0.144314679,0.377667884,1.296148504,0.256422816,0.065752661,0
78,0.332885274,0.909930082,0.279536312,0.207451311,0.166900084,0.127276814,0.381505175,1.235297933,0.259625979,0.067405649,0
79,0.414354016,0.074003946,0.321313444,0.224845644,0.207801423,0.15188962,0.41705752,0.91663002,0.265884647,0.070694646,0
80,0.341019335,0.450319957,0.312300099,0.211469712,0.207801423,0.15188962,0.400879737,0.96214973,0.251342817,0.063173211,0
81,0.314385691,0.872121304,0.306653703,0.19958853,0.225625695,0.158280903,0.39192585,1.07784517,0.24406839,0.059569379,0
82,0.347803577,0.618045716,0.314616725,0.203131951,0.246810323,0.168627885,0.399884002,0.946816329,0.246826926,0.060923531,0
83,0.291731028,1.398285958,0.296121615,0.189255795,0.239377006,0.161194567,0.379918337,1.181366722,0.238012462,0.056649932,0
84,0.345218079,1.0361352,0.302962839,0.195916928,0.2438439,0.173030868,0.387665272,1.065272959,0.241863353,0.058497881,0
85,0.37097055,0.489936883,0.312406424,0.209137995,0.2438439,0.175760701,0.403262146,0.97931156,0.254995265,0.065022585,0
86,0.404541492,0.140331966,0.321673108,0.219104314,0.2438439,0.175760701,0.417681212,0.931753446,0.266428239,0.070984007,0
87,0.361193141,0.205718719,0.318623441,0.217341393,0.23489555,0.171878326,0.414666101,0.960031557,0.265381006,0.070427078,0
88,0.383019357,-0.407540742,0.339566376,0.237622419,0.253479272,0.193212423,0.4420343,0.793348021,0.282999997,0.080088999,0
89,0.392541259,-0.57620012,0.33939197,0.249509209,0.217964779,0.162052976,0.448581712,0.78678866,0.293323445,0.086038643,0
90,0.394087294,-0.636368834,0.343482243,0.252774539,0.217964779,0.173853347,0.451940073,0.751206153,0.293717175,0.086269779,0
91,0.40493169,-0.697060014,0.355364873,0.251198697,0.253479272,0.19756747,0.45947134,0.679033856,0.291255418,0.084829719,0
92,0.39167801,-0.638312268,0.346034185,0.251254903,0.248747056,0.192627734,0.453541936,0.731984111,0.293190434,0.08596063,0
93,0.292836652,0.076887735,0.370714394,0.206941418,0.287905904,0.151386657,0.451549791,0.927076977,0.257813987,0.066468052,0
94,0.262125228,0.441012796,0.344686482,0.197515884,0.280965565,0.128301618,0.429250992,1.103785617,0.255827371,0.065447644,0
95,0.250624396,0.358832286,0.333585963,0.200721096,0.279002949,0.128870662,0.424237777,1.107196856,0.262103218,0.068698097,0
96,0.266875736,0.037890332,0.350424728,0.207878019,0.284746632,0.121475842,0.439046619,0.989170115,0.264507928,0.069964444,0
97,0.375641025,-0.305214972,0.368644785,0.220353449,0.284746632,0.121475842,0.458085563,0.873021547,0.271925368,0.073943406,0
98,0.419364322,-0.554243572,0.383507344,0.240214738,0.284746632,0.13636196,0.479610127,0.811698162,0.288006929,0.082947991,0
99,0.456056092,-0.753326586,0.396745388,0.256660677,0.290813327,0.153404096,0.498027651,0.74251433,0.301039265,0.090624639,0
100,0.484300226,-0.951143411,0.386326024,0.274091165,0.224148209,0.160679213,0.49567478,0.638848007,0.310557064,0.09644569,0
101,0.52762587,-1.088512291,0.405648684,0.285419697,0.288382869,0.217512573,0.515363848,0.539037413,0.317882119,0.101049042,0
102,0.544527302,-1.133911247,0.395615844,0.276353662,0.321311066,0.224451137,0.502408019,0.448218678,0.309680354,0.095901921,0
103,0.307743138,1.02583149,0.299275366,0.200924329,0.247372547,0.148025654,0.395091888,1.268375713,0.257937697,0.066531856,0
104,0.359210187,0.051141884,0.338287022,0.2261841,0.27338323,0.177831628,0.442633268,1.015317241,0.285457704,0.081486101,0
105,0.31216976,0.40176807,0.300259113,0.229722135,0.184221462,0.098352171,0.416446041,1.274227507,0.288568484,0.08327177,0
106,0.297138088,0.421041155,0.280815829,0.239764754,0.135879396,0.071046873,0.408533962,1.334060056,0.296719511,0.088042468,1
107,0.477701009,-1.236453467,0.436723774,0.284367106,0.543309946,0.350539892,0.539133348,0.256546618,0.316128316,0.099937112,1
108,0.142540183,1.887198356,0.602088591,0.142146333,0.563347264,0.054858971,0.637088051,-0.437379747,0.208255885,0.043370514,1
109,0.123475026,2.102396466,0.621221718,0.137470562,0.591599348,0.033685155,0.657310311,-0.866209023,0.214803217,0.046140422,1
110,0.152012704,1.601710868,0.62933032,0.14708684,0.632600065,0.066913166,0.668495448,-0.986304274,0.225454015,0.050829513,1
111,0.163721078,0.885038353,0.611138905,0.168039661,0.632600065,0.074889472,0.65882743,-0.926698094,0.246095148,0.060562822,1
112,0.167311158,0.387353666,0.59841122,0.183348317,0.632600065,0.084532841,0.652304906,-0.854302648,0.25962608,0.067405702,1
113,0.167311158,-0.003156405,0.586403309,0.19718232,0.632600065,0.084532841,0.646052226,-0.777434765,0.271135828,0.073514637,1
114,0.202148774,-0.31179884,0.577391386,0.211233794,0.638536624,0.098152061,0.641699115,-0.704065953,0.279994538,0.078396941,1
115,0.285344997,-0.549369248,0.566700084,0.222361345,0.632600065,0.137258778,0.634704705,-0.60663739,0.285834003,0.081701077,1
116,0.342555034,-0.778019635,0.55355386,0.23634763,0.627848146,0.172815574,0.626807327,-0.513366905,0.29405025,0.086465549,1
117,0.487530898,-0.966563512,0.538786234,0.248590188,0.612672004,0.181567127,0.617147262,-0.404626879,0.300965342,0.090580137,1
118,0.537897991,-1.101968489,0.52485184,0.257618399,0.57840274,0.238830975,0.607545883,-0.300206668,0.306010697,0.093642546,1
119,0.537897991,-1.162203917,0.51362599,0.261356576,0.571407063,0.27775094,0.598529617,-0.201657309,0.30728821,0.094426044,1
120,0.501930224,-1.153692178,0.497698694,0.260825817,0.558711196,0.283158699,0.583440635,-0.095978738,0.30446508,0.092698985,1
121,0.48507981,-1.103106672,0.479981005,0.257418231,0.539689271,0.264136775,0.566067691,0.020043394,0.300084765,0.090050866,1
122,0.474148183,-1.016717494,0.454625049,0.250520506,0.516240259,0.249471335,0.539694094,0.148327483,0.290836346,0.08458578,1
123,0.417394778,-0.962599566,0.434324256,0.243423647,0.487178375,0.22792707,0.51664623,0.187783211,0.279795939,0.078285768,1
124,0.480493769,-1.241880762,0.448603657,0.265987978,0.504124514,0.259554792,0.536158081,0.090776791,0.293632843,0.086220246,1
125,0.53458767,-1.44032276,0.453224392,0.283020319,0.517476409,0.26910063,0.54525499,0.055978154,0.303134714,0.091890655,1
126,0.448077286,-1.057781122,0.478497724,0.241437178,0.460054103,0.245411246,0.550425808,-0.010642627,0.272045029,0.074008498,1
127,0.309824059,-0.35797452,0.506417917,0.200952578,0.46192364,0.14926926,0.567547451,0.062678787,0.256224516,0.065651003,1
128,0.253002743,0.123670967,0.564283919,0.188143623,0.617920826,0.102406765,0.615268665,-0.564161311,0.245232926,0.060139188,0
129,0.253002743,0.227760066,0.565287002,0.183517445,0.617920826,0.098245382,0.615312799,-0.607028506,0.24302355,0.059060446,0
130,0.206720179,0.850337085,0.583711664,0.163293655,0.633908959,0.080897428,0.624778739,-0.665580317,0.222776046,0.049629167,0
131,0.144792827,0.823700097,0.559037906,0.159115946,0.604602944,0.056773829,0.603523503,-0.659908119,0.227414244,0.051717239,0
132,0.159961856,0.679799082,0.572526798,0.161049371,0.604021482,0.068119491,0.617672519,-0.546204852,0.231802515,0.053732406,0
133,0.433734044,-0.797446423,0.429698082,0.230856672,0.411132931,0.217588071,0.506564935,0.258786175,0.268267761,0.071967592,0
134,0.552350342,-1.343584608,0.441581562,0.273671437,0.391704285,0.257969454,0.532574408,0.162453132,0.297726761,0.088641224,0
135,0.542879141,-1.322269421,0.436129891,0.274676463,0.391704285,0.257969454,0.529182161,0.156374049,0.29970732,0.089824478,0
136,0.559556403,-1.324635785,0.417547874,0.279779703,0.30736403,0.266284585,0.516665947,0.259336309,0.304298329,0.092597473,0
137,0.58141474,-1.413088111,0.417149764,0.288797961,0.300712868,0.268654064,0.520051109,0.24194373,0.310546665,0.096439231,0
138,0.583589132,-1.457486871,0.423931998,0.291494569,0.300712868,0.25358939,0.526557313,0.236762658,0.312320772,0.097544265,0
139,0.535211698,-1.326103632,0.413041487,0.283015454,0.287844302,0.274340665,0.513178879,0.286191786,0.304547684,0.092749292,0
140,0.405186144,-0.569008836,0.367699308,0.235203219,0.322514447,0.204100709,0.455758049,0.549830516,0.269281671,0.072512618,0
141,0.412081735,-0.76316501,0.380698815,0.249574387,0.344505433,0.215055688,0.474370581,0.514230162,0.283012121,0.080095861,0
142,0.419740124,-0.701584271,0.391486392,0.240261042,0.425146593,0.242861131,0.47904839,0.481452346,0.276090139,0.076225765,0
143,0.420717186,-0.823601443,0.404581598,0.243161395,0.425146593,0.242861131,0.492020904,0.428194896,0.279996966,0.078398301,0
144,0.433623625,-0.895814609,0.425410672,0.249233533,0.472900321,0.262761603,0.514954626,0.381439619,0.290179301,0.084204027,0
145,0.425699889,-0.880380707,0.427829942,0.247545634,0.473386292,0.263247574,0.515978725,0.381663415,0.288436451,0.083195586,0
146,0.410617943,-0.861989522,0.429735548,0.245570691,0.473386292,0.263247574,0.516486515,0.390297611,0.286505984,0.082085679,0
147,0.3883092,-0.81999203,0.430519254,0.242177644,0.473386292,0.263247574,0.515824929,0.410013921,0.284127663,0.080728529,0
148,0.378038302,-0.808032832,0.432941714,0.240759518,0.473386292,0.263247574,0.517020237,0.408626782,0.282615282,0.079871398,0
149,0.373097298,-0.804748246,0.436991049,0.240331175,0.498339327,0.273351391,0.519568437,0.391580968,0.281051923,0.078990183,0
150,0.344985933,-0.38939308,0.409561621,0.205955193,0.419427659,0.202333487,0.483745295,0.533366845,0.257427251,0.06626879,0
151,0.392328165,-0.585103472,0.42859962,0.211628932,0.421753185,0.204049647,0.50347358,0.435606154,0.264174207,0.069788012,0
152,0.392328165,-0.546863379,0.423628935,0.210764596,0.419427659,0.202333487,0.49920672,0.488709573,0.264094442,0.069745874,0
153,0.273486734,-0.232755581,0.40837641,0.20136554,0.409012925,0.191309388,0.482647728,0.634534912,0.257249951,0.066177537,0
154,0.300600914,-0.182225302,0.484484586,0.184059682,0.448499973,0.115779866,0.541833207,0.185407262,0.242606492,0.05885791,0
155,0.277210359,-0.221388595,0.527206834,0.195250978,0.461792717,0.140568399,0.579900166,0.075035274,0.24153086,0.058337156,0
156,0.453084978,-0.818996234,0.416125283,0.233835698,0.384731296,0.224596992,0.499606124,0.463935265,0.276488749,0.076446028,0
157,0.459155985,-0.838186222,0.404261272,0.251710476,0.326917459,0.186182957,0.498065048,0.593939545,0.290932322,0.084641616,0
158,0.501262587,-0.84239384,0.374444271,0.266006025,0.259197538,0.182730827,0.481438466,0.66012222,0.302612763,0.091574484,0
159,0.508506422,-0.883900341,0.414085387,0.25392941,0.31318587,0.214767408,0.507429964,0.538042985,0.293289039,0.08601846,0
160,0.446059862,-0.647926571,0.393014275,0.244944306,0.293380776,0.15698634,0.488049799,0.707061427,0.289365488,0.083732386,0
161,0.417303028,-0.430552376,0.384380148,0.235387461,0.292499881,0.136242003,0.478045461,0.82102149,0.284217109,0.080779365,0
162,0.402794762,-0.408772684,0.386546815,0.233979128,0.290921352,0.13393487,0.478867035,0.822765071,0.282657384,0.079895197,0
163,0.371712026,-0.271936345,0.380261266,0.227725673,0.290921352,0.129713426,0.472750504,0.896579429,0.280881486,0.078894409,0
164,0.366534725,0.034701336,0.372372746,0.217018316,0.290921352,0.129713426,0.461478645,0.968393266,0.272582241,0.074301078,0
165,0.378223282,-0.571897204,0.406297794,0.240181031,0.301760006,0.14055208,0.496740683,0.750780782,0.285785599,0.081673408,0
166,0.422938338,-0.828015865,0.411016032,0.254681827,0.301760006,0.208439363,0.506480735,0.559987691,0.295953638,0.087588556,0
167,0.426412724,-0.807505082,0.414266474,0.25116485,0.311756485,0.21790188,0.507231764,0.571979533,0.292689855,0.085667351,0
168,0.44094788,-0.773165135,0.410507708,0.249798656,0.325035289,0.203085724,0.504614406,0.563047257,0.293460595,0.086119121,0
169,0.433612231,-0.729250172,0.409368671,0.247062534,0.321438052,0.176948218,0.503382694,0.550512938,0.292935878,0.085811428,0
170,0.454397913,-0.950667586,0.422156527,0.25843867,0.321438052,0.204049977,0.517865901,0.449327109,0.299948259,0.089968958,0
171,0.503427423,-0.767095944,0.394528445,0.244662365,0.310968029,0.185773156,0.489925778,0.546231473,0.290473018,0.084374574,0
172,0.440792286,-0.69471353,0.404887737,0.236892896,0.318359674,0.177525859,0.494636711,0.520874017,0.284132709,0.080731396,0
173,0.438147703,-1.004635784,0.435741782,0.255627956,0.341188108,0.207484314,0.526274216,0.333761016,0.295116333,0.08709365,0
174,0.458202307,-1.159986718,0.461312158,0.272432203,0.360471283,0.268094432,0.55453822,0.222334945,0.307739711,0.09470373,0
175,0.490990129,-1.228997415,0.470117317,0.27837295,0.360471283,0.289088371,0.563319532,0.148202219,0.310352385,0.096318603,0
176,0.493288186,-1.191862379,0.45114107,0.276336503,0.341188108,0.272338461,0.549113383,0.264803482,0.313045111,0.097997242,0
177,0.448865732,-1.043886031,0.425591955,0.267464173,0.323610898,0.230081908,0.525582524,0.42046434,0.308396623,0.095108477,0
178,0.42758365,-1.032637657,0.440010985,0.262113661,0.333516402,0.2264021,0.533406003,0.374706629,0.301516663,0.090912298,0
179,0.515584492,-1.208787299,0.423671931,0.277040822,0.306334821,0.206983375,0.525964977,0.425975559,0.311674914,0.097141252,0
180,0.542822004,-1.260863551,0.444534968,0.271530529,0.395198674,0.256479432,0.539097123,0.305414384,0.304982573,0.09301437,0
181,0.566713989,-1.338127661,0.458433337,0.280886694,0.446003533,0.277669995,0.555649693,0.171517254,0.313983211,0.098585457,0
182,0.54401083,-1.258263823,0.471457652,0.268513595,0.446003533,0.263223646,0.560945703,0.147923104,0.303953555,0.092387764,0
183,0.523832574,-1.215452815,0.477476197,0.262795977,0.446003533,0.247365631,0.562833412,0.157627342,0.297989817,0.088797931,0
184,0.538436577,-1.265400144,0.467043327,0.269436629,0.431994821,0.246104476,0.556501241,0.220862119,0.302595707,0.091564162,0
185,0.511366065,-1.225098493,0.439654913,0.272922554,0.373266268,0.214797048,0.537062941,0.376924391,0.308447987,0.09514016,0
186,0.52892926,-1.233033611,0.420641748,0.281982126,0.273483968,0.193806512,0.526327655,0.461456247,0.316356318,0.10008132,0
187,0.601993851,-1.262954882,0.394390733,0.294155345,0.273483968,0.221502882,0.513693235,0.487935165,0.329145393,0.108336689,0
188,0.606580926,-1.272809548,0.392162269,0.295938116,0.273483968,0.221502882,0.51316894,0.486116832,0.330985069,0.109551116,0
189,0.619108977,-1.284966516,0.389202643,0.298305816,0.273483968,0.221742883,0.512423425,0.485605446,0.333315269,0.111099069,0
190,0.514341948,-1.074790182,0.38306964,0.279381525,0.226258205,0.174761263,0.496680079,0.61869483,0.316146725,0.099948751,0
191,0.468178098,-0.670425689,0.350396681,0.263310898,0.22515637,0.166156619,0.465257577,0.825818773,0.30608296,0.093686778,0
192,0.48892523,-0.69462881,0.345611511,0.266899776,0.21837323,0.169352035,0.463899343,0.820964827,0.309443506,0.095755284,0
193,0.341716815,-0.104504904,0.320104096,0.242594974,0.212253832,0.150357763,0.435347002,1.060067229,0.295059959,0.087060379,0
194,0.28741542,0.927320003,0.28915957,0.204794427,0.208891612,0.120377904,0.392681192,1.325042504,0.265678869,0.070585261,0
195,0.207938082,1.589175106,0.276996009,0.187875821,0.208891612,0.105088523,0.378605985,1.515376001,0.25810018,0.066615703,0
196,0.213221229,1.621247254,0.272191485,0.18874963,0.204781698,0.106104742,0.375922823,1.514614691,0.259287031,0.067229764,0
197,0.247723823,0.356934603,0.306689814,0.221836724,0.213030543,0.116296812,0.418793676,1.20390226,0.285183276,0.081329501,0
198,0.27508667,0.132015023,0.29413684,0.23101421,0.18714424,0.117063957,0.411254687,1.165986342,0.287426402,0.082613937,0
199,0.236777337,0.633744037,0.266192523,0.221407203,0.152312752,0.117610575,0.387747845,1.352896828,0.28193959,0.079489932,0
200,0.23987315,0.350337991,0.273111457,0.230747763,0.152312752,0.117610575,0.396892536,1.2692713,0.287982322,0.082933818,0
201,0.30684827,0.080215971,0.281624725,0.242549289,0.152312752,0.117610575,0.408520597,1.188023292,0.295933427,0.087576593,0
202,0.437372443,-0.440079556,0.302625828,0.263809555,0.160418998,0.125716821,0.432437725,0.996162662,0.308901269,0.095419994,0
203,0.483252756,-0.747845118,0.330025329,0.285389211,0.168509901,0.147701282,0.463531799,0.840144479,0.325491952,0.105945011,0
204,0.517458881,-0.989568473,0.352005099,0.294914113,0.176826663,0.162200746,0.483945765,0.698964604,0.332108286,0.110295914,0
205,0.517458881,-0.987046353,0.352673315,0.294412951,0.176826663,0.153960513,0.484039804,0.701176685,0.331535917,0.109916064,0
206,0.517458881,-0.980531754,0.354391015,0.293124676,0.176826663,0.147208724,0.484304601,0.706436211,0.3300878,0.108957955,0
207,0.495564768,-0.953687125,0.359463956,0.287068914,0.202283459,0.17266552,0.4856835,0.693175124,0.326610053,0.106674127,0
208,0.559325173,-1.174108755,0.381825389,0.297791486,0.270983241,0.241365302,0.506993314,0.530084926,0.333543989,0.111251593,0
209,0.597839729,-1.269669647,0.405791535,0.302935599,0.320458561,0.258702861,0.529720289,0.433563384,0.340494957,0.115936815,0
210,0.594292373,-1.242277824,0.413990706,0.294441617,0.327038752,0.246728524,0.532131431,0.428637645,0.334328515,0.111775556,0
211,0.622182807,-1.223585426,0.395463104,0.300948854,0.300110809,0.253237215,0.522637257,0.469529111,0.341699628,0.116758636,0
212,0.590670413,-1.191874822,0.392234463,0.299320786,0.300110809,0.259045915,0.519635352,0.501425928,0.340841642,0.116173025,0
213,0.577541114,-1.173905069,0.392098571,0.297593214,0.300110809,0.257230704,0.518798537,0.51257114,0.339721404,0.115410632,0
214,0.579220927,-1.175496732,0.39227063,0.297446963,0.300110809,0.240415263,0.518622448,0.519420194,0.339253587,0.115092996,0
215,0.579220927,-1.191563905,0.394484058,0.298006245,0.300110809,0.242336235,0.51978234,0.517933919,0.338461238,0.114556009,0
216,0.579220927,-1.208619127,0.388916971,0.302738269,0.289768674,0.244247718,0.517951215,0.526978058,0.342077551,0.117017051,0
217,0.582954261,-1.10496525,0.364227516,0.304999823,0.208182812,0.182966228,0.50273408,0.66515019,0.346525427,0.120079872,0
218,0.437720103,-0.769601537,0.328522951,0.284337114,0.159809198,0.142367645,0.467103733,0.866524555,0.332052056,0.110258568,0
219,0.718675733,-1.309140694,0.377722003,0.319961135,0.196321838,0.161212851,0.518091794,0.59945012,0.35460569,0.125745196,0
220,0.58393782,-0.995954631,0.348748417,0.29736606,0.180478972,0.14438292,0.487878532,0.775520518,0.341174447,0.116400004,0
221,0.433345163,-0.595215207,0.323085824,0.27240436,0.171172103,0.137712401,0.458569435,0.946800225,0.325425072,0.105901477,0
222,0.333777459,0.107818625,0.29369666,0.243349145,0.151927311,0.114513913,0.420945705,1.176663492,0.301558549,0.090937558,0
223,0.296865604,0.972907423,0.270777411,0.214549063,0.156951786,0.110990344,0.386051955,1.386390443,0.27516487,0.075715706,0
224,0.270919874,1.79319589,0.254176508,0.194963733,0.156951786,0.104491183,0.361952356,1.560760075,0.257689369,0.066403811,0
225,0.259990983,1.814076393,0.252375107,0.19549514,0.143623895,0.10412944,0.360788512,1.575749296,0.257827764,0.066475156,0
226,0.26480289,1.740449457,0.248758344,0.197136975,0.158249878,0.113555114,0.359944521,1.548202996,0.260152541,0.067679345,0
227,0.124249791,2.184372605,0.329987503,0.149559727,0.31025494,0.058146455,0.403516149,1.430254592,0.232235937,0.05393353,0
228,0.193690062,3.816028545,0.281695377,0.140386246,0.275508383,0.08162382,0.355877322,1.735636859,0.217477316,0.047296383,0
229,0.659765416,-1.667788199,0.435838515,0.334457789,0.37273202,0.312003529,0.558791307,0.135256686,0.349703466,0.122292514,0
230,0.69378895,-1.720162888,0.445137448,0.350092825,0.352630027,0.329043297,0.575230235,0.126337642,0.364338409,0.132742476,0
231,0.719232059,-1.745354451,0.445118336,0.358045855,0.340565637,0.334244495,0.580617186,0.122005051,0.37280824,0.138985984,0
232,0.74198692,-1.735189277,0.445439289,0.354293093,0.372795718,0.349106198,0.579604224,0.110485757,0.370843493,0.137524896,0
233,0.76222616,-1.753608932,0.465195241,0.362245803,0.477444138,0.373867323,0.599892083,0.029388222,0.378766285,0.143463899,0
234,0.746866003,-1.738111467,0.48749448,0.363241854,0.608937406,0.369145909,0.618758083,-0.056780149,0.381065214,0.145210698,0
235,0.75199318,-1.697588269,0.505658492,0.360300624,0.667615933,0.323480467,0.633228018,-0.127067692,0.381165597,0.145287212,0
236,0.766943525,-1.646538089,0.52337851,0.35564611,0.667615933,0.322248041,0.647337181,-0.193712617,0.380946664,0.145120361,0
237,0.766729961,-1.589298521,0.541596045,0.34736184,0.667615933,0.312226776,0.659892905,-0.26528966,0.377004469,0.14213237,0
238,0.767370258,-1.516683058,0.560409649,0.337695458,0.679804661,0.288705765,0.67138613,-0.362213635,0.36973012,0.136700361,0
239,0.782502122,-1.417398124,0.584061629,0.329174059,0.701501441,0.267008985,0.689124277,-0.454495421,0.365737997,0.133764282,0
240,0.739203468,-1.289943202,0.609718744,0.321727922,0.761007642,0.208059657,0.709500124,-0.570495298,0.362813284,0.131633479,0
241,0.666044545,-1.156410754,0.623285465,0.309741541,0.771899928,0.193806433,0.717569856,-0.63955504,0.355558332,0.126421728,0
242,0.658470015,-1.439691027,0.498486135,0.304542895,0.414520751,0.335168006,0.606259747,0.103860473,0.345054277,0.119062454,0
243,0.620677943,-1.502757632,0.529156005,0.319049556,0.444042004,0.370118482,0.634582998,-0.053997409,0.350270615,0.122689503,0
244,0.620677943,-1.512274538,0.528012959,0.320021145,0.414520751,0.365575285,0.633515735,-0.03776022,0.350063568,0.122544502,0
245,0.623349138,-1.507284077,0.532868869,0.318179291,0.443956038,0.372905334,0.636809384,-0.049908445,0.348678879,0.121576961,0
246,0.623349138,-1.475941555,0.540241837,0.311912267,0.471084012,0.358338076,0.640844234,-0.085859622,0.344702901,0.11882009,0
247,0.625728699,-1.480840725,0.560617827,0.312960602,0.50109937,0.376527407,0.656279461,-0.151752138,0.341189659,0.116410383,0
248,0.625728699,-1.492735224,0.57295132,0.315297313,0.514921622,0.371380283,0.66570516,-0.197729941,0.338954488,0.114890145,0
249,0.625728699,-1.503351113,0.565532751,0.311784238,0.471084012,0.342015737,0.657682149,-0.114430203,0.335735783,0.112718516,0
250,0.625728699,-1.527195411,0.56711392,0.30211079,0.471084012,0.330028856,0.654472741,-0.041624807,0.326674715,0.106716369,0
251,0.681348326,-1.642206227,0.526338028,0.318169522,0.384411164,0.230796219,0.627180699,0.171262468,0.341062911,0.116323909,0
252,0.768076446,-1.616937267,0.471191729,0.33765922,0.321741826,0.223641692,0.596017741,0.306612817,0.364986989,0.133215502,0
253,0.724740324,-1.520951252,0.471418326,0.316447053,0.339189252,0.199156536,0.586476261,0.386542673,0.34888274,0.121719167,0
254,0.623178487,-1.272333694,0.531993838,0.271100865,0.440987855,0.20847836,0.617252946,0.132004556,0.313023571,0.097983756,0
255,0.65577687,-1.254178637,0.518190816,0.272442658,0.46845674,0.257016372,0.608850124,0.090570008,0.319650984,0.102176752,0
256,0.655268032,-1.261174227,0.487302676,0.278329475,0.462220905,0.292288409,0.587921981,0.162598936,0.328919987,0.108188358,0
257,0.555122058,-1.251733738,0.457063149,0.282369515,0.458551633,0.317496477,0.565955684,0.258459015,0.333765058,0.111399114,0
258,0.552621167,-1.198005818,0.424980458,0.28826185,0.407441787,0.296126414,0.540552426,0.388035877,0.334048702,0.111588536,0
259,0.526448001,-1.086091716,0.394145449,0.288421697,0.314911509,0.240379169,0.514774616,0.526829796,0.331122742,0.10964227,0
260,0.526448001,-0.98869777,0.381711677,0.281065236,0.277207041,0.211397813,0.499728992,0.574643549,0.322529472,0.104025261,0
261,0.520598791,-0.830516293,0.370475648,0.268143802,0.277207041,0.2026747,0.48432537,0.622924078,0.311959706,0.097318858,0
262,0.47950185,-0.579455827,0.363797033,0.247997152,0.303931305,0.218135634,0.468842657,0.655360393,0.295745086,0.087465156,0
263,0.47784144,-1.068778449,0.428990744,0.259876454,0.462879013,0.267777826,0.522082472,0.20379446,0.297551759,0.088537049,0
264,0.494481838,-1.137020702,0.415042047,0.27056742,0.405328158,0.246117581,0.514759967,0.271804075,0.30449618,0.092717924,0
265,0.561513489,-1.164947439,0.371055134,0.285409624,0.360009987,0.281566685,0.489509854,0.43721446,0.319277286,0.101937985,0
266,0.54101255,-1.100379671,0.353208419,0.288654014,0.237108288,0.211484494,0.478076496,0.536649531,0.322181547,0.103800949,0
267,0.507007955,-1.005147343,0.329058124,0.28915423,0.109969124,0.109232229,0.45932277,0.667668349,0.320465533,0.102698158,0
268,0.510848347,-1.019666485,0.345317015,0.317975896,0.11407588,0.083619645,0.494805971,0.775850382,0.354385536,0.125589108,0
269,0.455352042,-0.844563058,0.335952538,0.306847959,0.11407588,0.083619645,0.484447924,0.859054286,0.349035362,0.121825684,0
270,0.45961632,-0.679644806,0.316960101,0.29585498,0.111458229,0.076196478,0.462870515,0.936279872,0.337320927,0.113785408,0
271,0.437849548,-0.024878158,0.28282572,0.262826739,0.109209408,0.071526222,0.420904763,1.174182699,0.311721721,0.097170432,0
272,0.309905338,0.65795137,0.262667455,0.235341887,0.117152555,0.072869096,0.388552411,1.346144083,0.286319374,0.081978784,0
273,0.309905338,0.608207958,0.263565487,0.23655423,0.117152555,0.072869096,0.389906599,1.334599792,0.287333238,0.08256039,0
274,0.484610717,-0.188736551,0.284313548,0.278705233,0.097553326,0.078831576,0.435866745,1.109973121,0.330371951,0.109145626,0
275,0.473081874,-0.344870153,0.304204437,0.276877229,0.131772449,0.110333281,0.44641569,0.995594691,0.326721027,0.106746629,0
276,0.46162965,-0.36675001,0.3131638,0.272322662,0.142088266,0.136091172,0.450379443,0.971544742,0.323682062,0.104770077,0
277,0.46162965,-0.363301181,0.313581779,0.271967381,0.142088266,0.136091172,0.450401489,0.974153339,0.323307856,0.10452797,0
278,0.455757249,-0.346562886,0.316082104,0.269842104,0.142088266,0.136091172,0.450877278,0.978823366,0.321531373,0.103382424,0
279,0.450690288,-0.339886452,0.317179572,0.268909256,0.146916262,0.138340011,0.451123237,0.979992975,0.320794786,0.102909295,0
280,0.345079171,0.202972796,0.298108053,0.244123087,0.151113685,0.100700149,0.421114927,1.178135681,0.297438011,0.08846937,0
281,0.308097737,1.1544926,0.258995834,0.210388362,0.140484048,0.084616036,0.368388122,1.394951377,0.261975126,0.068630967,0
282,0.25664525,2.521581363,0.227589499,0.187528892,0.117016302,0.071865002,0.334963961,1.725786292,0.245771998,0.060403875,0
283,0.275437656,2.212007099,0.238129341,0.19108341,0.127706825,0.080564601,0.342448039,1.613893082,0.246099728,0.060565076,0
284,0.311967157,0.710593837,0.280540206,0.22865671,0.159255277,0.114470821,0.400502115,1.3098209,0.285830608,0.081699137,0
285,0.310173014,0.713215892,0.282471952,0.227207901,0.182705299,0.138704873,0.401348594,1.301251255,0.285114521,0.08129029,0
286,0.316370365,0.695726811,0.281393003,0.228017113,0.182705299,0.143955509,0.401212099,1.293187417,0.285987982,0.081789126,0
287,0.311064907,0.702180077,0.28250375,0.227184053,0.182705299,0.148013361,0.401630631,1.290200822,0.285479938,0.081498795,0
288,0.311947139,0.690939867,0.28220373,0.227409068,0.193276084,0.145815493,0.40169043,1.284983915,0.285860553,0.081716256,0
289,0.311947139,0.832895438,0.272069077,0.225845635,0.168824606,0.127600719,0.395328348,1.368973032,0.286815133,0.08226292,0
290,0.271440798,1.281545451,0.262845247,0.21487951,0.168824606,0.127600719,0.384544743,1.490109322,0.280690283,0.078787035,0
291,0.318345328,1.219614899,0.267333825,0.215088903,0.193276084,0.128771248,0.387216703,1.457695476,0.280123902,0.078469401,0
292,0.331455459,0.323098106,0.288539388,0.23900332,0.195501909,0.138765945,0.414161265,1.213197067,0.297110375,0.088274575,0
293,0.265300546,0.921544121,0.271517023,0.221169541,0.195501909,0.125534278,0.397346471,1.430682992,0.290108125,0.084162724,0
294,0.254235254,2.145963313,0.250613151,0.187035075,0.186780192,0.119302582,0.359364499,1.639718362,0.257557551,0.066335892,0
295,0.208475435,2.559086848,0.246835423,0.179335708,0.164265637,0.101735063,0.353548139,1.75829313,0.253117681,0.06406856,0
296,0.203186162,2.292212133,0.247174058,0.185106396,0.158381507,0.098699623,0.356131047,1.705745818,0.256387027,0.065734307,0
297,0.240763066,1.966770119,0.259290472,0.190071666,0.186066087,0.109725836,0.364818922,1.596921244,0.256634558,0.065861296,0
298,0.28967623,1.647792256,0.272120826,0.195365283,0.212744519,0.139269771,0.374177154,1.457285704,0.256824451,0.065958798,0
299,0.335114064,0.611464127,0.298770152,0.21491102,0.228476375,0.167848003,0.401817574,1.144976152,0.268688963,0.072193759,0
300,0.365154823,0.276142333,0.318334621,0.219872658,0.239225405,0.179075118,0.416980742,0.986886477,0.269325098,0.072536008,0
301,0.380513235,-0.043933821,0.342687606,0.230353939,0.250100005,0.177129524,0.443287109,0.886330034,0.281191511,0.079068666,0
302,0.391971598,-0.32051863,0.358936121,0.245851438,0.280986688,0.179858967,0.465643937,0.82539612,0.29662963,0.087989137,0
303,0.391971598,-0.256077592,0.354244687,0.244630158,0.269066361,0.181231325,0.461822927,0.875377627,0.296295659,0.087791118,0
304,0.414835143,-0.409198592,0.362289902,0.243745466,0.280986688,0.171799169,0.468742037,0.837691427,0.297430874,0.088465125,0
305,0.410701363,-0.399313917,0.370439275,0.239388932,0.302440039,0.160615366,0.472862833,0.808477772,0.293894544,0.086374003,0
306,0.373429132,-0.262934381,0.361015693,0.23592781,0.273023819,0.147787387,0.464444654,0.904688367,0.292192585,0.085376507,0
307,0.441910681,-0.707817765,0.375933492,0.258518309,0.266693436,0.142115338,0.486820461,0.787020027,0.309302717,0.095668171,0
308,0.573829102,-1.095969124,0.392663509,0.283385722,0.27572502,0.173860655,0.50967273,0.628313831,0.324933316,0.10558166,0
309,0.563001126,-1.079659966,0.397859772,0.2785877,0.2755333,0.170048073,0.511100981,0.627658039,0.320829884,0.102931814,0
310,0.542825608,-1.082405453,0.408402322,0.27448168,0.289933257,0.171400535,0.516603682,0.584075285,0.316365149,0.100086908,0
311,0.555738194,-1.137919729,0.411834204,0.27868756,0.289933257,0.194944976,0.520421969,0.534313919,0.31816916,0.101231614,0
312,0.438009245,-0.842453681,0.385787128,0.262194518,0.2755333,0.191133234,0.493713769,0.6880831,0.308093457,0.094921578,0
313,0.435426503,-0.786524007,0.371075122,0.265052349,0.232253542,0.154710307,0.48418458,0.75969346,0.311027268,0.096737962,0
314,0.426948637,-0.762867216,0.375226506,0.26214638,0.232253542,0.140152442,0.485063634,0.778393057,0.307395183,0.094491798,0
315,0.430731351,-0.768799533,0.368907842,0.26493321,0.224200709,0.148349377,0.481861467,0.789755465,0.30999593,0.096097477,0
316,0.430731351,-0.76925251,0.368372591,0.265307886,0.211571705,0.143619019,0.481304389,0.803289651,0.309766928,0.09595555,0
317,0.444567139,-0.776695688,0.367843489,0.265678257,0.231816284,0.148719393,0.481370574,0.79583543,0.310497661,0.096408798,0
318,0.393455226,-0.662219025,0.360271402,0.26023922,0.231816284,0.134161528,0.474948136,0.86143529,0.309483843,0.095780249,0
319,0.263369366,-0.388629182,0.402381482,0.225343921,0.309128229,0.118735269,0.4896245,0.910396274,0.278964682,0.077821294,0
320,0.236947098,-0.189950261,0.391303162,0.218996421,0.304331312,0.121994683,0.479570261,1.004854757,0.277253441,0.076869471,0
321,0.232738687,0.663024362,0.365540747,0.193344608,0.29168711,0.10959253,0.448857425,1.264205446,0.260485988,0.06785295,0
322,0.224340775,2.080657914,0.340922251,0.164012105,0.289678718,0.097332377,0.412973087,1.53762206,0.233063917,0.054318789,0
323,0.196403379,2.017682776,0.321616339,0.167288252,0.273012872,0.099329334,0.401396102,1.519785107,0.240170275,0.057681761,0
324,0.18545581,1.815666896,0.317148995,0.166822768,0.289678718,0.098473314,0.400683361,1.406408478,0.244874806,0.059963671,0
325,0.187899164,1.762677229,0.328494862,0.166364177,0.299633593,0.098473314,0.407695942,1.38480751,0.241468645,0.058307106,0
326,0.189846153,1.765741484,0.334988851,0.164935329,0.304599601,0.102532544,0.411708374,1.360132208,0.239345473,0.057286255,0
327,0.189846153,1.764343939,0.336091452,0.166423841,0.304599601,0.102532544,0.41408585,1.376141327,0.241887633,0.058509627,0
328,0.267780961,1.702872346,0.29774902,0.1857894,0.2060029,0.08974182,0.383285417,1.425448522,0.241357063,0.058253232,0
329,0.309863276,0.474174948,0.326413764,0.211814566,0.2060029,0.143133799,0.419614928,1.124675718,0.263686826,0.069530742,0
330,0.309863276,0.406944046,0.330131594,0.213245793,0.225338402,0.125447524,0.422569833,1.086390352,0.263777168,0.069578394,0
331,0.326017295,0.295320542,0.334655432,0.215798452,0.2348616,0.143390825,0.42690188,1.051717082,0.265048972,0.070250957,0
332,0.356313405,-0.077440777,0.347968848,0.226555806,0.249923398,0.149623414,0.445168491,0.961233455,0.277655661,0.077092666,0
333,0.352579158,-0.052580241,0.354919153,0.221279907,0.268874818,0.143611692,0.448553195,0.943904538,0.274285186,0.075232363,0
334,0.336028131,-0.008703749,0.363252887,0.215029607,0.293212783,0.146911595,0.452612444,0.925710553,0.270009935,0.072905365,0
335,0.33380833,0.002208945,0.364026375,0.214449491,0.293212783,0.145542998,0.452741737,0.935765846,0.269183726,0.072459878,0
336,0.33380833,0.022489156,0.365348099,0.213458198,0.293212783,0.141345233,0.453005293,0.95084416,0.267833087,0.071734563,0
337,0.33380833,0.021372281,0.369767119,0.210143933,0.320795984,0.16512041,0.455756184,0.921868149,0.266431936,0.070985977,0
338,0.322858521,-0.004948987,0.370428612,0.210577261,0.320795984,0.154035699,0.457234418,0.877276633,0.26804096,0.071845956,0
339,0.283848102,0.082949087,0.387388772,0.201931724,0.335779544,0.126605539,0.466501227,0.871365986,0.259910242,0.067553334,0
340,0.283848102,0.054144805,0.383954259,0.204679335,0.321859854,0.115715958,0.464767178,0.874334,0.261892453,0.068587657,0
341,0.283848102,0.027816633,0.380466519,0.207469526,0.306876294,0.125935244,0.463021037,0.877181239,0.263881998,0.069633709,0
342,0.288096973,0.01948906,0.377952171,0.208032435,0.306876294,0.126829782,0.461566239,0.887137863,0.264944426,0.070195549,0
343,0.281380182,0.026556559,0.377961576,0.207577126,0.307579901,0.126829782,0.461478913,0.888445789,0.264778841,0.070107835,0
344,0.281380182,-0.071298134,0.382877543,0.208312585,0.321859854,0.127795621,0.466115066,0.838872353,0.265834612,0.070668041,0
345,0.360860396,-0.344089319,0.386474107,0.22470346,0.311135645,0.131850605,0.477941938,0.824723039,0.281187235,0.079066261,0
346,0.416974002,-0.814729498,0.415137679,0.254268983,0.322377843,0.179864317,0.513664204,0.650351181,0.302508879,0.091511622,0
347,0.405277815,-0.624307219,0.399863782,0.246748215,0.310319269,0.140754254,0.499060926,0.759036752,0.29861474,0.089170763,0
348,0.283517203,-0.076180777,0.373660183,0.220014072,0.299557231,0.125443192,0.467417811,0.964487274,0.280815736,0.078857478,0
349,0.283517203,-0.08912305,0.375458634,0.222441981,0.299557231,0.125443192,0.470701031,0.971548772,0.283884263,0.080590275,0
350,0.378816864,-0.267640949,0.381682781,0.230843108,0.299557231,0.129992216,0.477394127,0.895997895,0.286746241,0.082223407,0
351,0.342998484,-0.634348739,0.467249814,0.221911854,0.471111426,0.171154853,0.542988028,0.30760857,0.276610936,0.07651361,0
352,0.362693125,-0.521502877,0.436555698,0.225042884,0.456298509,0.171154853,0.516614358,0.389378573,0.276241774,0.076309518,0
353,0.388538611,-0.615542914,0.421744846,0.236299277,0.416328807,0.214624812,0.508007602,0.461125024,0.283201358,0.080203009,0
354,0.388538611,-0.606607577,0.412340064,0.23987615,0.37184752,0.200137402,0.501316538,0.536783716,0.285120928,0.081293944,0
355,0.421087218,-0.823451485,0.437288981,0.250662644,0.456298509,0.246503167,0.528736657,0.408642518,0.297221802,0.0883408,0
356,0.47826662,-1.092967647,0.470124528,0.265705412,0.486608018,0.28533829,0.565763152,0.258457037,0.314755258,0.099070872,0
357,0.566605773,-1.199044734,0.491091283,0.270425463,0.509560015,0.298049831,0.585146827,0.120656488,0.31816059,0.101226161,0
358,0.525006199,-1.151013089,0.497117134,0.26429566,0.509560015,0.273562439,0.586745623,0.135334537,0.311680897,0.097144981,0
359,0.547759554,-1.242655431,0.465975455,0.286765807,0.495040664,0.298668361,0.572538233,0.15356643,0.332666354,0.110666903,0
360,0.547759554,-1.247573623,0.464641244,0.287463215,0.495040664,0.298668361,0.569788422,0.21026978,0.32979897,0.10876736,0
361,0.54770537,-1.248978532,0.462309279,0.287865175,0.44656474,0.287589871,0.566571053,0.26748156,0.327525401,0.107272888,0
362,0.527392431,-1.216059362,0.462023606,0.283544413,0.408068095,0.265809425,0.564339115,0.309525551,0.324056823,0.105012825,0
363,0.527392431,-1.176623788,0.456530748,0.280666095,0.400099573,0.257840902,0.559390508,0.359396019,0.323260602,0.104497417,0
364,0.54770537,-1.12732302,0.445987454,0.277553729,0.400099573,0.257840902,0.551409369,0.416317998,0.324264526,0.105147483,0
365,0.440686815,-0.907310845,0.414500979,0.259289876,0.391659701,0.230972226,0.516073059,0.503987138,0.307441606,0.094520341,0
366,0.428698196,-0.705368541,0.397732095,0.253873411,0.373075571,0.225202953,0.498747419,0.570017459,0.300928843,0.090558169,0
367,0.420220291,-0.549252457,0.395300764,0.246061031,0.373075571,0.208571375,0.492260646,0.612976531,0.293356182,0.08605785,0
368,0.420220291,-0.521000502,0.392090587,0.245515582,0.373075571,0.208571375,0.489719925,0.636104159,0.293411958,0.086090577,0
369,0.41835803,-0.333119318,0.371044875,0.235554351,0.326825995,0.189153657,0.464584561,0.697575703,0.279579175,0.078164515,0
370,0.380794186,-0.206302041,0.359590219,0.23451144,0.289930852,0.180469737,0.455390719,0.794120924,0.27942008,0.078075581,0
371,0.414124097,-0.210495344,0.363207085,0.233596346,0.289930852,0.177456184,0.457177348,0.80210405,0.277653994,0.07709174,0
372,0.315028557,0.862194096,0.322268584,0.205399413,0.234715134,0.123936451,0.417392607,1.266429942,0.265253743,0.070359548,0
373,0.320760278,1.106276098,0.298482456,0.206034503,0.225841272,0.130360651,0.401666431,1.371509103,0.268782711,0.072244146,0
374,0.263816799,1.455760215,0.28176625,0.202367288,0.177924762,0.099253325,0.389079075,1.523355325,0.268310094,0.071990307,0
375,0.261489583,1.966152363,0.264555223,0.186314218,0.166240224,0.083177016,0.363365982,1.609697374,0.249089082,0.062045371,0
376,0.291799191,1.554326186,0.295213573,0.184386574,0.211394747,0.092806375,0.38146342,1.408095029,0.241584947,0.058363287,0
377,0.254609348,-0.205883925,0.482538385,0.199973776,0.433187658,0.154226751,0.545193355,0.309030342,0.253756776,0.064392501,0
378,0.237406877,-0.132636095,0.522630036,0.187710746,0.517648964,0.122407708,0.57956921,-0.017979202,0.250516097,0.062758315,0
379,0.21511313,0.01462722,0.55990415,0.181188655,0.586388978,0.132231829,0.612546156,-0.350176514,0.248435377,0.061720136,0
380,0.288405041,0.145511284,0.665500036,0.213220879,0.760520108,0.169926445,0.714046247,-0.903823283,0.258788997,0.066971745,0
381,0.412279247,-0.87545366,0.611320883,0.262080413,0.701406916,0.21454899,0.681387177,-0.604092282,0.300957244,0.090575263,0
382,0.398265246,-0.636873433,0.623200038,0.243733824,0.70637262,0.192628039,0.684996733,-0.6861322,0.284327693,0.080842237,0
383,0.468100304,-0.82692624,0.605294036,0.258408486,0.693891113,0.198911591,0.67527336,-0.644110893,0.299354707,0.08961324,0
384,0.477517075,-0.79135584,0.614174095,0.2574939,0.693891113,0.198911591,0.684668939,-0.654927084,0.302591701,0.091561738,0
385,0.192864234,4.776248093,0.293365547,0.131491256,0.304902118,0.074724871,0.357044703,1.73143919,0.203513084,0.041417576,0
386,0.214761325,2.604034507,0.294069922,0.152132625,0.284220268,0.069947195,0.375290424,1.569838755,0.233164713,0.054365783,0
387,0.166736614,2.481597086,0.30098875,0.150652705,0.292512491,0.070924919,0.380320236,1.509541452,0.232484956,0.054049255,0
388,0.143051536,2.455372199,0.312547687,0.147813321,0.303177125,0.07384197,0.387364879,1.498021496,0.228835078,0.052365493,0
389,0.136391262,2.371177647,0.324568085,0.146461667,0.306371827,0.077036672,0.395397743,1.459177331,0.225820578,0.050994934,0
390,0.127176189,2.514613297,0.328644849,0.142607371,0.306371827,0.066420702,0.39712621,1.489174152,0.222938982,0.04970179,0
391,0.11820079,2.680604531,0.333690787,0.139075215,0.306371827,0.055759805,0.399438249,1.525259162,0.219548112,0.048201374,0
392,0.14576839,2.272318236,0.316195688,0.155096647,0.278437808,0.073948391,0.390652508,1.44930265,0.229411572,0.052629669,0
393,0.154352606,1.490180931,0.337384622,0.164978125,0.300362424,0.083160107,0.412065412,1.31495148,0.236578782,0.05596952,0
394,0.1614306,1.455050322,0.337658111,0.166246767,0.300362424,0.083160107,0.412540997,1.300622021,0.237017034,0.056177074,0
395,0.162242287,1.437431944,0.336685027,0.166879272,0.300362424,0.084783481,0.412070766,1.299341362,0.237582637,0.056445509,0
396,0.164923688,1.421898216,0.336371417,0.167437699,0.300362424,0.086571081,0.411996267,1.296351322,0.237897444,0.056595194,0
397,0.170476022,1.381104885,0.337617535,0.168886434,0.300362424,0.086571081,0.413124345,1.277302604,0.238088481,0.056686125,0
398,0.202130566,1.02185511,0.335502453,0.179389957,0.300362424,0.110172076,0.415048387,1.208153185,0.244342521,0.059703268,0
399,0.269176093,0.103911149,0.33607816,0.212782067,0.31373502,0.196772948,0.43846006,0.95625497,0.281600239,0.079298695,0
400,0.422333717,-0.115472258,0.341238829,0.23553314,0.272550165,0.187085555,0.454554671,0.985795155,0.300293208,0.090176011,0
401,0.456462381,-0.399604048,0.303571892,0.276710856,0.123202019,0.113082177,0.446603145,1.025559218,0.32756446,0.107298476,0
402,0.461705825,-0.73317404,0.333541037,0.284888676,0.14719346,0.134363707,0.467582961,0.834031253,0.327695288,0.107384202,0
403,0.561120925,-0.973296632,0.357288208,0.2943805,0.223942655,0.17857369,0.488632422,0.69429518,0.333326837,0.11110678,0
404,0.582784871,-1.034499303,0.400000978,0.276455563,0.344149451,0.267019687,0.514230075,0.460704727,0.323159075,0.104431788,0
405,0.520750604,-0.854511723,0.368174874,0.267368833,0.251399312,0.205329072,0.484614169,0.62467318,0.315116097,0.099298155,0
406,0.456367311,-0.411346019,0.343956552,0.251870077,0.243589289,0.183340605,0.458230245,0.878146136,0.302768637,0.091668848,0
407,0.439275881,-0.383794384,0.352729531,0.250540497,0.240777477,0.150853068,0.461670052,0.919236541,0.297860898,0.088721115,0
408,0.439275881,-0.358385984,0.347647952,0.252844159,0.227513286,0.150853068,0.458554791,0.954866773,0.299020731,0.089413398,0
409,0.439275881,-0.325312141,0.342772712,0.254121138,0.214311032,0.121227005,0.455474827,0.990785349,0.299940304,0.089964186,0
410,0.43743981,-0.333800672,0.345041675,0.252532864,0.214311032,0.121227005,0.456750837,0.977461081,0.299278415,0.089567569,0
411,0.42624695,-0.337452343,0.349729996,0.249251039,0.214311032,0.129937667,0.459098194,0.959023199,0.297422395,0.088460081,0
412,0.468257536,-0.743024617,0.367819822,0.266616357,0.214311032,0.143159412,0.478189266,0.772812612,0.305570864,0.093373553,0
413,0.542638789,-0.939814007,0.378227445,0.281960295,0.214311032,0.143159412,0.493995128,0.710931255,0.31776593,0.100975186,0
414,0.548351153,-1.084679292,0.396208216,0.283863617,0.247216613,0.18696793,0.508271554,0.575992035,0.318369317,0.101359022,0
415,0.551834082,-1.23074882,0.416040072,0.293494242,0.285062917,0.224814234,0.528475197,0.475874506,0.32587834,0.106196692,0
416,0.548954224,-1.350232573,0.442202467,0.298092254,0.363016992,0.271310699,0.552109552,0.326551953,0.330578184,0.109281936,0
417,0.611075354,-1.477213098,0.477020538,0.309871367,0.476650722,0.324227051,0.586914248,0.147053582,0.341935287,0.11691974,0
418,0.560938213,-1.176029681,0.413765914,0.286792214,0.347085607,0.250718164,0.527800976,0.461323331,0.327676119,0.107371639,1
419,0.466697483,-1.041549426,0.466444173,0.252066108,0.449980513,0.25325557,0.552175098,0.198997589,0.295511711,0.087327172,1
420,0.497377372,-0.957920416,0.432128415,0.247946677,0.402058671,0.249635001,0.521095942,0.337998997,0.29121472,0.084806013,1
421,0.474228208,-0.854318742,0.40273267,0.248048718,0.345520781,0.23544306,0.497533257,0.486448249,0.292139928,0.085345738,1
422,0.475116647,-0.752321285,0.384740104,0.24810581,0.31119042,0.205734353,0.48402887,0.634635168,0.293698825,0.086259,1
423,0.428392967,-0.670301211,0.384419858,0.247737526,0.31119042,0.2011127,0.485937952,0.694677428,0.297249165,0.088357066,1
424,0.429750247,-0.730330774,0.3998755,0.243430502,0.345520781,0.216418364,0.496429321,0.589426839,0.294179631,0.086541655,1
425,0.429750247,-0.727298157,0.400141715,0.243190909,0.345520781,0.216418364,0.496425852,0.593235999,0.293811564,0.086325235,1
426,0.429750247,-0.717427212,0.40141595,0.242044097,0.345520781,0.216418364,0.496617206,0.604985103,0.292393373,0.085493884,1
427,0.48898072,-0.768759299,0.382798366,0.249359888,0.345520781,0.257104415,0.488957348,0.506827413,0.304211603,0.092544699,1
428,0.500434963,-0.870861859,0.402225483,0.249995845,0.39904504,0.257489046,0.503734779,0.363613093,0.303254659,0.091963388,1
429,0.479152482,-0.811395677,0.409024274,0.243505667,0.39904504,0.238735181,0.506363236,0.350913277,0.298501038,0.08910287,1
430,0.45846304,-0.810222254,0.416638372,0.241317726,0.405938148,0.241362084,0.510459238,0.354545137,0.294925585,0.086981101,1
431,0.471372166,-0.83170263,0.41237526,0.245367683,0.382853485,0.247931547,0.509071212,0.344439458,0.298496472,0.089100144,1
432,0.476468871,-0.736546581,0.391813499,0.244375927,0.351356211,0.254186036,0.493610213,0.486337859,0.300221958,0.090133224,1
433,0.430350261,-0.51497046,0.377297307,0.241362776,0.359271175,0.247915376,0.485102371,0.636813869,0.304911549,0.092971052,1
434,0.335582744,-0.148549751,0.395760916,0.221211722,0.350685004,0.187205225,0.485664938,0.842831538,0.281502627,0.079243729,1
435,0.334628856,-0.238504803,0.398002779,0.2206922,0.360297303,0.188225246,0.48570278,0.779453254,0.278389974,0.077500978,1
436,0.354731387,-0.320699075,0.395755601,0.217637873,0.360297303,0.188155379,0.480051829,0.717701321,0.271711727,0.073827263,1
437,0.310259312,0.286835614,0.374834095,0.195406273,0.360297303,0.169304871,0.452665201,0.874159846,0.253781768,0.064405186,1
438,0.560173698,-1.337601295,0.490664616,0.269583255,0.505366065,0.305153383,0.577665484,0.013657721,0.304869883,0.092945645,1
439,0.522869387,-1.182990577,0.498527802,0.255930818,0.482688344,0.27107119,0.57946417,-0.036645574,0.295379003,0.087248756,0
440,0.547262123,-1.147130259,0.522106633,0.256548879,0.563689892,0.224703698,0.600627574,-0.073294904,0.296914375,0.088158146,0
441,0.572029395,-1.21333147,0.47951322,0.263456401,0.431639066,0.276594225,0.56919699,0.229711266,0.30667945,0.094052285,0
442,0.566690126,-1.191870498,0.459459612,0.268260136,0.404061564,0.257479203,0.554875954,0.32034614,0.311101575,0.09678419,0
443,0.483878845,-0.96090875,0.428234502,0.250783768,0.390199769,0.235154929,0.523164759,0.495971788,0.300527164,0.090316576,0
444,0.482319812,-0.872787122,0.421249423,0.244540359,0.389143155,0.234098315,0.516574161,0.567575854,0.298994627,0.089397787,0
445,0.537543582,-0.995776289,0.435484154,0.251420563,0.391451698,0.230608348,0.529274743,0.479243283,0.300807755,0.090485305,0
446,0.543997713,-0.966486879,0.418998758,0.256208659,0.333910234,0.190543619,0.517449915,0.558605894,0.303635399,0.092194456,0
447,0.590738106,-1.239227312,0.418961456,0.281588426,0.277099356,0.177206723,0.526811212,0.473096292,0.319376504,0.102001351,0
448,0.515116054,-0.825241214,0.364968722,0.251523572,0.221074094,0.157683191,0.468030332,0.665101868,0.293002088,0.085850224,0
449,0.514237602,-0.801986324,0.365909417,0.249680377,0.221074094,0.14953474,0.467899565,0.674990189,0.291616703,0.085040302,0
450,0.513731354,-0.771922216,0.36457774,0.248730217,0.221074094,0.143653683,0.46635059,0.701341238,0.290802244,0.084565945,0
451,0.4907916,-0.742946274,0.370270541,0.244460616,0.264391544,0.13230292,0.4687142,0.690343691,0.287389505,0.082592727,0
452,0.474142442,-0.695158122,0.368883495,0.240837659,0.277865341,0.146313942,0.466148475,0.717481716,0.284990119,0.081219368,0
453,0.46829063,-0.690163769,0.376692102,0.237442505,0.307004593,0.175453194,0.470548682,0.675763059,0.281991352,0.079519123,0
454,0.46829063,-0.684723642,0.385586659,0.233685927,0.339545514,0.193815759,0.474962438,0.660345021,0.277330571,0.076912246,0
455,0.420494035,-0.457483136,0.3706856,0.225386551,0.307004593,0.161274838,0.459876995,0.771881702,0.272174644,0.074079037,0
456,0.366964211,-0.106294652,0.354427923,0.216003418,0.277865341,0.137264002,0.443385341,0.921908318,0.266404594,0.070971408,0
457,0.366964211,-0.145652683,0.358257889,0.217931545,0.277865341,0.137264002,0.44611216,0.896757723,0.265833302,0.070667344,0
458,0.364412318,-0.135603309,0.362217533,0.214763829,0.307004593,0.151987126,0.44833538,0.877724857,0.26420271,0.069803072,0
459,0.364412318,-0.163962962,0.363365325,0.217141535,0.307004593,0.151987126,0.449446763,0.862288422,0.264514713,0.069968034,0
460,0.312925853,0.454236189,0.344997419,0.194793176,0.307004593,0.147041284,0.422328703,0.967077636,0.243594569,0.059338314,0
461,0.273053237,1.504492002,0.325661308,0.174355995,0.303132726,0.139056325,0.397510632,1.212517119,0.22794608,0.051959415,0
462,0.222308798,2.200427611,0.305155053,0.171072382,0.258297416,0.114427941,0.378880353,1.402499939,0.224567842,0.050430716,0
463,0.200500819,2.863056139,0.288105854,0.163830273,0.202804386,0.12386005,0.36405345,1.554118343,0.22255321,0.049529931,0
464,0.19279621,3.190459081,0.289994967,0.158773702,0.202804386,0.101748321,0.363083708,1.665174377,0.21847814,0.047732698,0
465,0.226550848,3.185688533,0.261999384,0.165728165,0.199638057,0.104521979,0.346218832,1.71579186,0.22632676,0.051223802,0
466,0.293467622,2.77117119,0.250372776,0.172929099,0.198902058,0.142045906,0.342746623,1.595834563,0.234069905,0.05478872,0
467,0.241766005,4.281112551,0.246352728,0.158254298,0.19724499,0.116952575,0.329820219,1.905405715,0.219298223,0.04809171,0
468,0.252570407,0.530392975,0.42323066,0.174788213,0.389847869,0.133776792,0.485740803,0.838450815,0.238369327,0.056819936,0
469,0.249645705,0.501031055,0.378226998,0.187817578,0.354265884,0.119217227,0.458383635,0.951071561,0.258959254,0.067059895,0
470,0.280621378,-0.279374838,0.457365532,0.202654597,0.467493144,0.149370352,0.525795813,0.359652975,0.259380044,0.067278007,0
471,0.345436575,-0.541644756,0.425212311,0.227098638,0.420946367,0.179344514,0.510299694,0.340344503,0.282135195,0.079600268,0
472,0.323152578,-0.443608195,0.435633743,0.21770803,0.443409693,0.169432479,0.514897138,0.337178077,0.274485527,0.075342305,0
473,0.290229375,-0.441851585,0.447358516,0.213448654,0.461686934,0.160116253,0.523157697,0.292827419,0.271227458,0.073564334,0
474,0.310810254,-0.517623929,0.448827876,0.217530021,0.461686934,0.160135194,0.525656194,0.262833697,0.273620122,0.074867971,0
475,0.310810254,-0.514891282,0.450481614,0.215985856,0.465137171,0.162701288,0.526938437,0.245309879,0.273368674,0.074730432,0
476,0.310810254,-0.509813039,0.450934109,0.21545726,0.468357424,0.162701288,0.527226168,0.240188136,0.273177344,0.074625861,0
477,0.310747764,-0.501073024,0.45682771,0.211743235,0.468357424,0.160076307,0.53185457,0.18715015,0.272355884,0.074177727,0
478,0.402256756,-0.568788899,0.422919606,0.222979676,0.39039519,0.206826024,0.502570805,0.374132635,0.271507682,0.073716422,0
479,0.393065722,-0.583357056,0.433221811,0.220861351,0.405420132,0.194954325,0.509749965,0.279600271,0.268633373,0.072163889,0
480,0.238158073,3.533083168,0.271254145,0.155402484,0.249935309,0.103859867,0.348917827,1.655304384,0.219464892,0.048164839,0
481,0.238347761,2.000653884,0.281076389,0.175947704,0.248399757,0.116198813,0.374538433,1.533480206,0.247538081,0.061275101,0
482,0.143918531,2.36735797,0.366913084,0.142003656,0.33643793,0.072044097,0.426450723,1.427068348,0.217336163,0.047235008,0
483,0.117569659,2.231668935,0.362140315,0.142714693,0.33643793,0.069103112,0.424036831,1.385635232,0.220593805,0.048661627,0
484,0.117569659,2.131806642,0.358760061,0.144545128,0.33643793,0.069103112,0.42232468,1.366880537,0.22282135,0.049649354,0
485,0.143036622,1.282370705,0.373792607,0.16142667,0.340515124,0.072373089,0.442347556,1.215510983,0.236538469,0.055950447,0
486,0.151305181,0.671761067,0.389477387,0.173925098,0.34596534,0.077333391,0.460287838,1.046120284,0.245300344,0.060172259,0
487,0.165437508,0.530455516,0.391153273,0.178136997,0.349086103,0.08315232,0.462961605,0.978882121,0.247654124,0.061332565,0
488,0.151305181,0.512404594,0.387140391,0.177943803,0.349086103,0.080454153,0.460751692,0.971908748,0.24982882,0.062414439,0
489,0.14230175,0.478456021,0.381784815,0.178616596,0.348664919,0.075597101,0.457769736,0.974157004,0.252573723,0.063793486,0
490,0.155800157,0.666482948,0.371046783,0.179429976,0.318303969,0.083561434,0.447625476,1.127741556,0.250385406,0.062692851,0
491,0.239914284,0.706251775,0.291917219,0.210411014,0.171774901,0.106885947,0.400335913,1.336432336,0.273958355,0.07505318,0
492,0.237671849,0.762155993,0.29153547,0.208359781,0.171774901,0.101375449,0.399368822,1.362480239,0.272951507,0.074502525,0
493,0.237671849,0.759954051,0.291248103,0.208571129,0.169055752,0.101375449,0.399262556,1.362645707,0.273102785,0.074585131,0
494,0.238153458,0.760512467,0.290804022,0.20890419,0.169055752,0.100372301,0.39905309,1.363962656,0.273269811,0.07467639,0
495,0.184228717,0.835830742,0.345214613,0.18729573,0.265924299,0.088410246,0.428885035,1.301020709,0.254498025,0.064769245,0
496,0.184228717,0.769835896,0.341452272,0.189365017,0.265924299,0.094149398,0.427750325,1.262844683,0.257644496,0.066380686,0
497,0.184228717,0.761399151,0.341482951,0.189543322,0.265924299,0.094149398,0.427859034,1.259782954,0.257784303,0.066452747,0
498,0.148087229,0.974158019,0.336971901,0.182099756,0.270509372,0.081755648,0.422948351,1.334172361,0.255607601,0.065335246,0
499,0.117485564,1.179287019,0.330218034,0.175123997,0.270509372,0.056370739,0.417006925,1.425067565,0.254658253,0.064850826,0
500,0.158270002,2.420949195,0.320231887,0.151710871,0.304101808,0.051617383,0.404167964,1.625537455,0.246583214,0.060803282,0
501,0.480333024,-1.041969579,0.463569703,0.253327102,0.359508723,0.139608877,0.548032636,0.296197952,0.292306177,0.085442901,0
502,0.43427968,-1.033775396,0.431764913,0.257715063,0.332720908,0.266535486,0.523516739,0.325089581,0.296055461,0.087648836,0
503,0.443290007,-1.108859148,0.454422418,0.263064621,0.344003369,0.266535486,0.543707572,0.261788026,0.298526699,0.08911819,0
504,0.331320837,-0.434459313,0.418436595,0.217944362,0.356975226,0.197120916,0.49473118,0.369219061,0.263950291,0.069669756,0
505,0.346366778,-0.485957628,0.439258504,0.223018376,0.388318277,0.17297627,0.517866963,0.337902157,0.274295749,0.075238158,0
506,0.257661697,0.43379984,0.3677108,0.189408214,0.325255008,0.131504078,0.442994108,0.767816133,0.247047661,0.061032547,0
507,0.320415066,0.075086238,0.351500097,0.222101395,0.222512465,0.192991426,0.442909603,0.860527977,0.269474672,0.072616599,0
508,0.352111907,-0.373083883,0.382652312,0.238833488,0.320048569,0.155726113,0.480850243,0.77094992,0.291194376,0.084794165,0
509,0.396982764,-0.607612058,0.385767372,0.249332884,0.286841255,0.128081347,0.490391985,0.752237967,0.302766961,0.091667833,0
510,0.386407178,-0.491657876,0.386829567,0.241675502,0.293122283,0.124729804,0.487636654,0.805985496,0.296904685,0.088152392,0
511,0.38209579,-0.597710518,0.414234369,0.235228467,0.358522716,0.164765113,0.50717865,0.624547274,0.292643249,0.085640071,0
512,0.384502712,-0.629864323,0.410394396,0.238300445,0.358522716,0.17026988,0.505534345,0.629070184,0.295197244,0.087141413,0
513,0.384502712,-0.619099104,0.412445393,0.236659648,0.358522716,0.17026988,0.506634766,0.61922391,0.294223697,0.086567584,0
514,0.380623209,-0.610483174,0.414505243,0.235011768,0.358522716,0.161819953,0.507786712,0.608664721,0.293313396,0.086032748,0
515,0.357133237,-0.562602875,0.431881092,0.228069913,0.372499827,0.137906415,0.516610097,0.61434984,0.283486711,0.080364715,0
516,0.357133237,-0.591601066,0.432689427,0.231244262,0.372499827,0.138637389,0.518204684,0.576046678,0.285159523,0.081315954,0
517,0.383545132,-0.637619293,0.440720074,0.23268712,0.379386172,0.142460925,0.524599833,0.513936401,0.284553687,0.080970801,0
518,0.450292831,-0.905489091,0.466909707,0.252009999,0.386552379,0.185288457,0.554152088,0.369384834,0.298462497,0.089079862,0
519,0.441655688,-0.886185888,0.471838996,0.248878665,0.386552379,0.185288457,0.557357082,0.336095442,0.296673016,0.088014879,0
520,0.441655688,-0.88164388,0.48096378,0.245014479,0.399114817,0.185288457,0.562685619,0.314357239,0.292042717,0.085288949,0
521,0.441655688,-0.873698858,0.489727887,0.241032188,0.451488904,0.206634744,0.56811043,0.28540867,0.287951483,0.082916057,0
522,0.432683588,-0.865598671,0.496025532,0.238723801,0.495473383,0.228396038,0.572811244,0.236235559,0.28648105,0.082071392,0
523,0.428234548,-0.869255552,0.492586615,0.241494679,0.451488904,0.199785565,0.570041585,0.272628025,0.286889936,0.082305836,0
524,0.357012576,-0.727730916,0.490501648,0.23152075,0.439419551,0.179145059,0.565596371,0.314875268,0.281615675,0.079307388,0
525,0.421487196,-0.876485552,0.498015463,0.239664463,0.439419551,0.188692437,0.574692999,0.260165124,0.286797214,0.082252642,0
526,0.416183749,-0.782508185,0.49060174,0.231625846,0.439419551,0.188692437,0.564079248,0.251801819,0.278379831,0.07749533,0
527,0.357035846,-0.634394874,0.472710835,0.218705123,0.441647205,0.168846386,0.544354663,0.33783388,0.269937891,0.072866465,0
528,0.289647855,-0.343162391,0.447049325,0.197488509,0.431640358,0.145800043,0.512030986,0.389232263,0.249645011,0.062322632,0
529,0.260916276,0.118242629,0.450785895,0.186677993,0.437795546,0.132317716,0.512016631,0.476903423,0.242802611,0.058953108,0
530,0.264604782,0.085214348,0.450645913,0.188431224,0.437795546,0.134756868,0.512231396,0.475539461,0.243514403,0.059299264,0
531,0.257426987,0.340555969,0.425194415,0.183543708,0.386756851,0.130991406,0.49015728,0.657965873,0.243852145,0.059463869,0
532,0.267054649,0.082782776,0.435063448,0.191073854,0.38798753,0.131853898,0.500024191,0.594830523,0.246462953,0.060743987,0
533,0.258192767,-0.088989548,0.450229714,0.194437477,0.39974237,0.13647167,0.51399571,0.501205884,0.247961277,0.061484795,0
534,0.34771246,-0.493679211,0.480925701,0.207312679,0.447200095,0.156871231,0.546663216,0.325567093,0.259906025,0.067551142,0
535,0.212535102,2.347659242,0.308155744,0.164436126,0.2373473,0.088946523,0.379966166,1.519020492,0.222293331,0.049414325,0
536,0.246995309,1.374568753,0.273319987,0.201270871,0.182455146,0.097819599,0.381273263,1.465288011,0.265829807,0.070665486,0
537,0.310773174,0.622278747,0.292090594,0.21868731,0.184582841,0.129421376,0.401538165,1.232314705,0.275528552,0.075915983,0
538,0.310817161,0.421779997,0.301641247,0.232499261,0.182299423,0.127820344,0.420603957,1.230970939,0.293121556,0.085920247,0
539,0.219093281,0.624837382,0.531873009,0.169138184,0.46621837,0.069744129,0.576954338,0.28173385,0.223578644,0.04998741,0
540,0.220503971,0.273085571,0.519865357,0.178143923,0.46621837,0.079099536,0.570979488,0.202328349,0.236130444,0.055757587,0
541,0.226578647,0.000239089,0.509333224,0.186043022,0.46621837,0.117776911,0.565295597,0.1982094,0.245232091,0.060138778,0
542,0.230357076,-0.182284778,0.500164756,0.193201809,0.46621837,0.14039315,0.560310854,0.203843186,0.252553895,0.06378347,0
543,0.231359265,-0.303505013,0.493070705,0.198884627,0.453161017,0.160412508,0.556217368,0.225048431,0.257408316,0.066259041,0
544,0.297766378,-0.421455541,0.481598091,0.205203787,0.446092384,0.167481142,0.548606639,0.294132508,0.26274041,0.069032523,0
545,0.306062445,-0.335479075,0.463693443,0.204044729,0.418226337,0.169147417,0.532967141,0.441653483,0.262759137,0.069042364,0
546,0.32971726,-0.23083949,0.448514026,0.202665173,0.403467726,0.14870345,0.519923436,0.57874148,0.262974424,0.069155547,0
547,0.351084044,-0.278103208,0.444908237,0.20548793,0.401729557,0.16612812,0.518018737,0.585135298,0.26533012,0.070400073,0
548,0.374142946,-0.322340872,0.439943642,0.209707835,0.401198598,0.183690035,0.515095728,0.606165497,0.267905207,0.0717732,0
549,0.388547012,-0.359391414,0.434985852,0.213921958,0.394594447,0.188837947,0.512147623,0.628906877,0.270337746,0.073082497,0
550,0.397535563,-0.369451641,0.42854583,0.217641321,0.391382936,0.185626436,0.507811576,0.672766269,0.272435439,0.074221068,0
551,0.397535563,-0.351356596,0.42109234,0.218942887,0.389501206,0.183744706,0.502465462,0.731250832,0.274140076,0.075152781,0
552,0.340703437,-0.183493929,0.408933649,0.213567671,0.352066453,0.146309953,0.491889754,0.85514411,0.273365691,0.074728801,0
553,0.238413472,0.02421683,0.398332352,0.208224795,0.326258752,0.114087102,0.482046253,0.969151719,0.271477306,0.073699928,0
554,0.197311157,0.415986743,0.383991169,0.197178412,0.319921649,0.099360609,0.467747687,1.136196099,0.267093018,0.07133868,0
555,0.208171407,1.43165493,0.36062018,0.175543091,0.31373161,0.10797511,0.435009637,1.332050188,0.243282696,0.05918647,0
556,0.261324694,1.604256593,0.35641786,0.170256812,0.331338237,0.133279374,0.418016431,1.088461246,0.218412559,0.047704046,0
557,0.424117436,-0.683816492,0.41284093,0.226449422,0.372283953,0.214403775,0.484081383,0.37173823,0.25277886,0.063897152,0
558,0.279037893,2.022077139,0.731590956,0.179965576,0.766633349,0.148605284,0.769979136,-1.431461128,0.240088615,0.057642543,0
559,0.170349463,0.587214785,0.437078767,0.160566747,0.423695261,0.084524994,0.493450652,0.487454568,0.229032088,0.052455697,0
560,0.162981763,0.400426198,0.398610785,0.184881383,0.335542401,0.083222795,0.472586151,0.921516948,0.253864358,0.064447112,0
561,0.280805624,-0.261688986,0.405598716,0.215956262,0.323852192,0.109120745,0.488041154,0.783045321,0.271429271,0.073673849,0
562,0.258464866,-0.357026292,0.368806759,0.233374447,0.266429794,0.108712241,0.470911119,0.889308142,0.292811981,0.085738856,0
563,0.356104295,-0.62383562,0.375471293,0.251333624,0.264466672,0.12640508,0.485451885,0.826836615,0.30770902,0.094684841,0
564,0.500342635,-0.820626438,0.373163096,0.267662286,0.262450966,0.16193834,0.491453993,0.772401271,0.319806708,0.102276331,0
565,0.461950712,-0.678522439,0.36255278,0.244663093,0.260961323,0.162368042,0.466517086,0.755539954,0.29358759,0.086193673,0
566,0.32295745,0.099341337,0.340536959,0.210918349,0.264078946,0.170566219,0.432622678,0.914873769,0.266827586,0.071196961,0
567,0.367692902,-0.058077967,0.345189698,0.21603635,0.269400255,0.188811413,0.437936894,0.826020401,0.269504723,0.072632796,0
568,0.356837606,0.006586486,0.350384763,0.21214005,0.281778587,0.170639144,0.439515991,0.849524254,0.265339073,0.070404824,0
569,0.356837606,0.007600056,0.35297836,0.212523179,0.281778587,0.170639144,0.440707936,0.855651576,0.26387452,0.069629762,0
570,0.356837606,-0.053696295,0.354296629,0.215489181,0.281778587,0.170639144,0.442726921,0.808686275,0.265482627,0.070481025,0
571,0.356837606,-0.123469537,0.355694345,0.218333096,0.281778587,0.17091834,0.4450398,0.753938977,0.267473281,0.071541956,0
572,0.368676007,-0.190382203,0.361328463,0.218989913,0.300128048,0.170223242,0.449715034,0.6882633,0.267741207,0.071685354,0
573,0.377792961,-0.46027371,0.38098376,0.226040835,0.350007463,0.202056176,0.470957184,0.569844841,0.276861056,0.076652044,0
574,0.394316998,-0.011186827,0.330041497,0.232262885,0.366157142,0.246704404,0.433514747,0.787648911,0.281082988,0.079007646,0
575,0.391616059,-0.00091142,0.337384509,0.227010386,0.363721715,0.226267094,0.437284476,0.750717523,0.278189514,0.077389406,0
576,0.391616059,0.060570986,0.342551858,0.221326301,0.363721715,0.211516646,0.439166678,0.749421833,0.274819205,0.075525595,0
577,0.394120863,0.078123834,0.338547368,0.221631435,0.351976423,0.219008872,0.436652997,0.771933669,0.275774399,0.076051519,0
578,0.398511801,0.118972935,0.330434926,0.223795944,0.328796499,0.23418786,0.431371009,0.828846304,0.277297146,0.076893707,0
579,0.373312834,0.335790796,0.315838737,0.222282975,0.269053318,0.188629082,0.419784716,0.96425198,0.276523235,0.0764651,0
580,0.35408271,0.439199154,0.307225562,0.222363906,0.263565485,0.188629082,0.41359288,1.037158183,0.276896235,0.076671525,0
581,0.398511801,0.091520488,0.31029071,0.235596234,0.255856629,0.193033322,0.422303462,0.980823151,0.286460974,0.082059889,0
582,0.403045592,-0.051246373,0.312146759,0.240408194,0.252165092,0.189215418,0.426442043,0.94865116,0.290546411,0.084417217,0
583,0.356086936,0.197360916,0.307361533,0.23138433,0.249900426,0.176604516,0.419422755,1.054205639,0.285384539,0.081444335,0
584,0.345856467,0.343081995,0.302331138,0.226437927,0.249900426,0.17313404,0.414671252,1.108522077,0.283810025,0.08054813,0
585,0.331997341,0.746688404,0.293613907,0.216308711,0.249900426,0.170423524,0.402647223,1.203964121,0.275527966,0.07591566,0
586,0.335655418,0.995160421,0.279855349,0.20149622,0.251044731,0.172498288,0.378451118,1.184530949,0.254767015,0.064906232,0
587,0.210895121,2.591568364,0.225689757,0.18558445,0.10347999,0.075442489,0.333876867,1.752396769,0.246044499,0.060537896,0
588,0.223144273,1.614580186,0.242053975,0.199473556,0.107740846,0.083485844,0.353939429,1.536753912,0.258230502,0.066682992,0
589,0.269670999,0.88614745,0.258559744,0.218250938,0.107740846,0.081170849,0.378233905,1.391747605,0.276057503,0.076207745,0
590,0.323826225,0.348245378,0.27315747,0.233415077,0.106238465,0.070934266,0.396235894,1.260328898,0.287032891,0.082387881,0
591,0.40914362,-0.015957277,0.270599829,0.250213414,0.0897573,0.072588457,0.402860925,1.133948158,0.298450428,0.089072658,0
592,0.401281265,-0.058294529,0.275060623,0.251392905,0.104667839,0.083656178,0.405236743,1.112741591,0.297587755,0.088558472,0
593,0.412012637,0.019813276,0.272117963,0.250042142,0.098718028,0.071986907,0.399667265,1.107094963,0.292721261,0.085685737,0
594,0.339577028,0.910116307,0.260821417,0.218652202,0.117749461,0.069767742,0.374045671,1.35400135,0.268108845,0.071882353,0
595,0.347635365,0.43897339,0.271650816,0.2302456,0.12018361,0.069767742,0.387494729,1.233930811,0.276329513,0.076358,0
596,0.32999408,0.448125258,0.278141224,0.225774625,0.131290385,0.078873047,0.390127941,1.216889304,0.273564014,0.07483727,0
597,0.323907297,0.45949295,0.285602133,0.221618881,0.153288759,0.10087142,0.393222133,1.201725199,0.27028701,0.073055068,0
598,0.287633197,0.812588341,0.280256434,0.210582728,0.162968567,0.098347787,0.384817678,1.305060646,0.263706232,0.069540977,0
599,0.286678312,0.847333948,0.28929921,0.206030909,0.170541677,0.093606738,0.388576259,1.300440902,0.259417571,0.067297476,0
600,0.210660581,1.203807926,0.324310345,0.185102404,0.241764609,0.085993199,0.40402708,1.349650337,0.240957841,0.058060681,0
601,0.221156754,1.11790294,0.319149389,0.187589702,0.241764609,0.09465987,0.402199314,1.301209744,0.244761018,0.059907956,0
602,0.242633107,1.012626316,0.317374561,0.190907802,0.241764609,0.10117751,0.402307263,1.266769808,0.247233741,0.061124523,0
603,0.215629554,1.454023784,0.295598735,0.185232214,0.201191134,0.109412798,0.38463939,1.420225323,0.246107392,0.060568848,0
604,0.196654682,1.674875111,0.289531265,0.181427212,0.201191134,0.084561701,0.378613096,1.47882638,0.243966234,0.059519523,0
605,0.21867482,1.321378117,0.297479657,0.187559811,0.201191134,0.085076876,0.386440813,1.399218029,0.246662433,0.060842356,0
606,0.245663354,1.324319049,0.280763483,0.191419775,0.1984068,0.085507714,0.376965063,1.418796264,0.25154428,0.063274525,0
607,0.268593125,0.724016057,0.291153591,0.205278829,0.201191134,0.118566975,0.390418749,1.24699244,0.260108412,0.067656386,0
608,0.329002038,0.151150696,0.308447073,0.221711113,0.209704495,0.129496497,0.410316553,1.070520784,0.270592085,0.073220076,0
609,0.479058365,-0.466255211,0.332165416,0.244114605,0.224994322,0.146735529,0.439470364,0.880388144,0.287750478,0.082800337,0
610,0.54614394,-0.959718465,0.402177692,0.248699564,0.329425978,0.20337483,0.496842246,0.497886011,0.291728163,0.085105321,0
611,0.58128243,-0.989934563,0.391590306,0.255696824,0.311790446,0.20574627,0.491599873,0.534587836,0.297199373,0.088327467,0
612,0.59074757,-1.073545284,0.392881409,0.261994313,0.329425978,0.225949994,0.495172274,0.47440428,0.301396381,0.090839779,0
613,0.438984171,-0.798461114,0.375196684,0.247629135,0.300944542,0.204418895,0.474317057,0.597403014,0.29017946,0.084204119,0
614,0.499993728,-0.970773224,0.41153673,0.262881592,0.335552525,0.223909159,0.512061575,0.505503911,0.304704081,0.092844577,0
615,0.512536305,-0.996293222,0.408601098,0.266125198,0.335552525,0.225203914,0.511536733,0.507761834,0.307757975,0.094714971,0
616,0.540857404,-1.182721433,0.418919848,0.281178562,0.352439308,0.246633297,0.526919737,0.425111851,0.319610029,0.10215057,0
617,0.571230019,-1.331613875,0.429351926,0.295458757,0.369286402,0.268910483,0.541738963,0.356056237,0.330360451,0.109138028,0
618,0.571230019,-1.330126921,0.429604145,0.295219149,0.365450001,0.265266183,0.541854606,0.354683674,0.330222187,0.109046693,0
619,0.571230019,-1.352424819,0.426620253,0.299399629,0.365450001,0.265266183,0.541008329,0.358623868,0.33269381,0.110685171,0
620,0.721813382,-1.552343247,0.437938203,0.323141087,0.406348372,0.321088267,0.56163003,0.24733119,0.351622555,0.123638421,0
621,0.738867282,-1.592446892,0.419550543,0.326194824,0.400284617,0.3608829,0.54903207,0.156481943,0.354137763,0.125413555,0
622,0.730718858,-1.614986914,0.439714868,0.326170007,0.460718379,0.359461175,0.563101024,0.04167703,0.351757868,0.123733598,0
623,0.735587734,-1.623669985,0.470530099,0.334474729,0.586631098,0.309946052,0.591597502,-0.06776246,0.358593127,0.128589031,0
624,0.732951805,-1.608790738,0.467654314,0.331218117,0.499910808,0.323794484,0.587226345,-0.018479933,0.355153801,0.126134223,0
625,0.710836701,-1.576578667,0.46382905,0.325836003,0.497503963,0.326201329,0.582084359,0.007918505,0.351688518,0.123684814,0
626,0.710836701,-1.542464442,0.459011478,0.321064601,0.497231729,0.326473563,0.576532292,0.033737085,0.348852329,0.121697947,0
627,0.672219323,-1.443749174,0.468755253,0.29726634,0.465878187,0.340524581,0.572088619,0.094675122,0.327954114,0.107553901,0
628,0.648319274,-1.389480699,0.463493384,0.289566598,0.508511259,0.303633876,0.563918044,0.089058409,0.321212458,0.103177443,0
629,0.648319274,-1.384036133,0.461677525,0.287841532,0.508511259,0.303300465,0.561170566,0.0827024,0.319008255,0.101766267,0
630,0.600132303,-1.285812436,0.455985476,0.276612901,0.516592677,0.273416118,0.552007445,0.117361603,0.311110053,0.096789465,0
631,0.573792329,-0.991056486,0.409023623,0.258968258,0.380715898,0.282124843,0.508473836,0.412287541,0.302068399,0.091245318,0
632,0.56029046,-1.088210474,0.419197855,0.263805495,0.398924796,0.290155317,0.517516058,0.351903078,0.303473275,0.092096029,0
633,0.56029046,-1.079073414,0.417483055,0.264691785,0.376787359,0.278196303,0.516085641,0.370182451,0.303401199,0.092052288,0
634,0.56029046,-1.053303479,0.41278892,0.264611899,0.356357985,0.263987291,0.512186846,0.418801484,0.303217204,0.091940673,0
635,0.535139661,-0.958876218,0.412002961,0.25776944,0.356357985,0.256383635,0.50853625,0.457354593,0.298098437,0.088862678,0
636,0.501254801,-0.835703336,0.41080209,0.249844842,0.356357985,0.213440147,0.503776053,0.504607375,0.291602392,0.085031955,0
637,0.463963292,-0.785958578,0.412823201,0.246162007,0.356357985,0.207017522,0.50337485,0.516126927,0.288033408,0.082963244,0
638,0.477105921,-0.912581904,0.436817944,0.246124314,0.398924796,0.247057383,0.523801252,0.396495043,0.289063723,0.083557836,0
639,0.496302763,-1.086632872,0.472856444,0.251344245,0.44684313,0.246770009,0.556161701,0.208311684,0.292784257,0.085722621,0
640,0.45081874,-0.786061426,0.408998615,0.233639561,0.398924796,0.244818674,0.493210528,0.33558765,0.275638817,0.075976758,0
641,0.414819762,-0.22436939,0.383488549,0.221642726,0.342196248,0.208409614,0.468713938,0.632245508,0.269498217,0.072629289,0
642,0.458086004,-0.701151435,0.405790252,0.245521094,0.342196248,0.213097492,0.49926869,0.531259923,0.290866802,0.084603497,0
643,0.458086004,-0.727274495,0.406526719,0.246331208,0.342196248,0.213097492,0.50067872,0.532652647,0.292258802,0.085415208,0
644,0.403534601,-0.303059816,0.342502826,0.249403255,0.268492938,0.199009938,0.45321532,0.873489272,0.296809604,0.088095941,0
645,0.414386849,-0.432985634,0.352484183,0.247942155,0.259904977,0.185103208,0.461344461,0.804438669,0.29764679,0.088593612,0
646,0.39888769,-0.645206453,0.370361919,0.252614169,0.315877106,0.196269599,0.478328504,0.716155383,0.302704818,0.091630207,0
647,0.406166816,-0.429141751,0.342082379,0.250985248,0.243267017,0.180722847,0.456807376,0.863822446,0.302741845,0.091652625,0
648,0.40134753,-0.102064688,0.303677433,0.254063155,0.166334622,0.135277403,0.431892522,1.082294317,0.307101233,0.094311168,1
649,0.39676523,-0.631669189,0.415832513,0.2340554,0.367606454,0.195838762,0.506348047,0.653398632,0.288914635,0.083471666,1
650,0.182715923,1.151180936,0.605957905,0.155288155,0.614610491,0.088584096,0.64420469,-0.600121302,0.218665729,0.047814701,1
651,0.182715923,0.938605954,0.601347612,0.163638947,0.624572534,0.085812194,0.643889697,-0.707956086,0.230162968,0.052974992,1
652,0.235228353,0.652446997,0.613280278,0.175353326,0.660813158,0.09521754,0.65769354,-0.815968965,0.237588075,0.056448093,1
653,0.270457609,0.201867793,0.596974668,0.19610693,0.660813158,0.120874508,0.649398721,-0.774506413,0.255616794,0.065339945,1
654,0.320447677,-0.238315621,0.580453139,0.215966827,0.660813158,0.151488472,0.640772996,-0.688362394,0.271411468,0.073664185,1
655,0.330785542,-0.566304302,0.564692199,0.232506223,0.660813158,0.162471016,0.631856478,-0.588723631,0.283487794,0.080365329,1
656,0.373197508,-0.815782141,0.549759127,0.247132253,0.660813158,0.175932893,0.623081514,-0.489458053,0.293249851,0.085995475,1
657,0.394858819,-0.884170501,0.543985216,0.249021377,0.648686444,0.1751992,0.618760367,-0.440501422,0.294863487,0.086944476,1
658,0.41425712,-0.914342101,0.545724799,0.251858492,0.648686444,0.183883645,0.621123217,-0.440476341,0.29661169,0.087978494,1
659,0.41425712,-0.909361038,0.542873469,0.249719995,0.632525097,0.179776532,0.618233172,-0.417743599,0.295805089,0.087500651,1
660,0.426460521,-1.048296841,0.514617702,0.255166633,0.578086077,0.213928411,0.59332399,-0.292320363,0.295299809,0.087201977,1
661,0.442883552,-1.118870526,0.484569357,0.254040441,0.56062576,0.213928411,0.565712866,-0.177097157,0.291930788,0.085223585,1
662,0.498822521,-1.103247931,0.459729678,0.248045347,0.467363217,0.225658524,0.542522869,-0.049280516,0.288061949,0.082979687,1
663,0.545901978,-1.096466861,0.441927309,0.248049241,0.464767124,0.249861636,0.52804028,0.079133551,0.289010019,0.083526791,1
664,0.550312179,-1.086901743,0.425846772,0.248038125,0.414120565,0.28692442,0.515722601,0.201601241,0.290902609,0.084624328,1
665,0.482079272,-0.87226071,0.399937025,0.236808143,0.385811058,0.26483822,0.490070938,0.369954317,0.283231177,0.0802199,1
666,0.438956617,-0.51588028,0.371763744,0.222380595,0.364682369,0.238438652,0.459798648,0.54540866,0.270567026,0.073206515,1
667,0.466586041,-0.92614236,0.399556436,0.254283659,0.433817179,0.290491213,0.497206091,0.41948378,0.29591984,0.087568551,1
668,0.391159383,-0.692600794,0.43429101,0.230374402,0.433817179,0.2177094,0.517164407,0.478663327,0.280803032,0.078850343,1
669,0.240811322,0.59710363,0.343688858,0.194645987,0.271953508,0.090571487,0.428634805,1.205605072,0.256136223,0.065605765,1
670,0.187120747,1.2409456,0.332339235,0.176135748,0.281449875,0.092006681,0.411195337,1.334812999,0.242140946,0.058632238,1
671,0.151904171,2.088591641,0.318391549,0.16135354,0.271953508,0.082510314,0.393218302,1.52295768,0.230754099,0.053247454,0
672,0.138794721,2.232451345,0.301125001,0.159862508,0.264934587,0.094576164,0.381539468,1.607301122,0.234299166,0.054896099,0
673,0.165503184,2.254471336,0.290050506,0.163605687,0.24681375,0.110260918,0.374833491,1.631667962,0.237425461,0.05637085,1
674,0.17368721,2.22369838,0.283675931,0.165868987,0.230429119,0.092061902,0.371484419,1.610599335,0.239851286,0.05752864,1
675,0.204862253,1.137282626,0.308599963,0.189057245,0.228052872,0.112769417,0.40097265,1.364418803,0.256017829,0.065545129,1
676,0.257368681,0.192411744,0.339357422,0.211923026,0.244351638,0.129068184,0.432222648,1.089626422,0.2676807,0.071652957,1
677,0.195633726,0.508978319,0.329175742,0.201656058,0.244351638,0.091448149,0.422250308,1.222786142,0.264459171,0.069938653,1
678,0.175729507,1.261650778,0.326250469,0.179839301,0.275989875,0.08687468,0.411909294,1.349242037,0.25145556,0.063229898,1
679,0.179518256,2.21977025,0.339460426,0.149541598,0.314854042,0.093226496,0.406848831,1.398313473,0.224260096,0.05029259,1
680,0.160861798,2.197238959,0.348104416,0.151336934,0.314854042,0.093226496,0.412692866,1.380336382,0.221672545,0.049138717,1
681,0.17096787,2.061604265,0.319141221,0.160859553,0.28034822,0.08814059,0.395283674,1.332822871,0.233233925,0.054398064,1
682,0.143046387,2.452488541,0.321371264,0.151957843,0.295946731,0.076568537,0.393807687,1.435482226,0.227607128,0.051805005,1
683,0.158439028,2.818492365,0.329342251,0.144899493,0.301013299,0.077014734,0.396430225,1.5271519,0.220659478,0.048690605,1
684,0.159640803,3.096609562,0.332675184,0.13885838,0.309198511,0.090154103,0.396881829,1.619284823,0.21643107,0.046842408,1
685,0.176736724,3.327297663,0.336511896,0.135107243,0.314678625,0.087305957,0.397987248,1.71023235,0.212493749,0.045153593,1
686,0.144477048,3.085200729,0.298944936,0.142505922,0.295946731,0.055668362,0.375147197,1.641634118,0.22664365,0.051367344,1
687,0.163749155,4.074576296,0.257864644,0.146524529,0.217911442,0.084867466,0.344411405,2.042081202,0.228309091,0.052125041,1
688,0.168251549,3.403886466,0.273088268,0.151878991,0.221758576,0.085444788,0.356962217,1.873446266,0.229880017,0.052844822,1
689,0.139352614,1.402200462,0.309982567,0.176198412,0.232988146,0.082313288,0.399706869,1.475322248,0.25234181,0.063676389,1
690,0.149347881,1.377468161,0.314082789,0.175474789,0.236852257,0.083278156,0.402141551,1.458714084,0.251137071,0.063069829,1
691,0.157013435,1.364252025,0.320381398,0.174347983,0.25432675,0.078755813,0.405720998,1.441436037,0.248928278,0.061965288,1
692,0.211686665,0.98804057,0.305199078,0.188936316,0.244204169,0.107816147,0.400763478,1.314831412,0.259740039,0.067464888,1
693,0.166208378,1.294788286,0.302597656,0.183946797,0.250394995,0.096151772,0.395392147,1.440055937,0.25449874,0.064769609,1
694,0.166675896,1.651936996,0.258931598,0.193479838,0.158542278,0.094235306,0.369466447,1.624577299,0.263552429,0.069459883,0
695,0.181553633,2.402055065,0.256416515,0.182831822,0.173134862,0.101118702,0.362252696,1.777877112,0.255885885,0.065477586,0
696,0.184058969,2.946443181,0.261658238,0.16585447,0.194944308,0.095001704,0.348006901,1.716077592,0.229442302,0.05264377,0
697,0.184058969,2.950795857,0.261456263,0.165781528,0.195361803,0.094131658,0.347864909,1.716047915,0.229457223,0.052650617,0
698,0.180229494,3.060106073,0.264490619,0.16423739,0.195361803,0.083017454,0.348741208,1.748525411,0.227299676,0.051665143,0
699,0.17568687,3.171160375,0.268566324,0.161588182,0.199329882,0.072703454,0.350323881,1.768929741,0.224942107,0.050598951,0
700,0.166767918,3.241575432,0.274892073,0.158167133,0.201405972,0.072703454,0.353564406,1.765125984,0.222355879,0.049442137,0
701,0.166767918,3.267253056,0.279973735,0.15618531,0.204518237,0.072703454,0.356421056,1.754518738,0.220568985,0.048650677,0
702,0.205456162,2.231695624,0.302371635,0.167127276,0.225612801,0.08448541,0.377577091,1.513196217,0.226132382,0.051135854,0
703,0.196275382,2.750041091,0.259827311,0.173047028,0.16838806,0.067028287,0.351438938,1.789315092,0.23664128,0.055999096,0
704,0.157905237,2.844066061,0.241992039,0.176132124,0.139178857,0.05811332,0.349141431,1.926376257,0.251673581,0.063339592,0
705,0.166691293,1.39828318,0.257728851,0.205935831,0.139035318,0.063180275,0.376974296,1.626516435,0.275109903,0.075685459,0
706,0.276016979,0.229474123,0.293867341,0.242611663,0.164904887,0.076360971,0.421684017,1.294063999,0.302422546,0.091459396,0
707,0.357002159,-0.193383909,0.314317973,0.255243453,0.180438203,0.101010041,0.4385955,1.102368313,0.305892505,0.093570225,0
708,0.405185346,-0.554212858,0.334136999,0.268671203,0.190368525,0.102741845,0.458696499,0.959361788,0.314252993,0.098754944,0
709,0.405998983,-0.703334941,0.343033992,0.280237294,0.190368525,0.102741845,0.471552668,0.913139748,0.323557721,0.104689599,0
710,0.556898748,-1.003265228,0.372504666,0.296328678,0.1931418,0.121691542,0.500349941,0.739300714,0.334051399,0.111590337,0
711,0.657981893,-1.290452213,0.38964675,0.319828059,0.20744546,0.206009072,0.526173326,0.518499251,0.353601158,0.125033779,0
712,0.653051201,-1.431190328,0.419222314,0.323809573,0.338051566,0.292976788,0.550639927,0.346339721,0.357011177,0.127456981,0
713,0.533776791,-0.978714571,0.379531402,0.268428057,0.444896174,0.264457971,0.4864344,0.334157661,0.304260317,0.092574341,0
714,0.540280076,-1.057413179,0.4070857,0.264249873,0.458653684,0.241442333,0.50759712,0.145243911,0.303209612,0.091936069,0
715,0.442968576,-0.972694899,0.446450297,0.254446938,0.52852478,0.199433994,0.535777675,-0.028910738,0.29620913,0.087739849,0
716,0.481447172,-1.059805682,0.439391298,0.262914619,0.528921909,0.231924477,0.533528779,-0.01771536,0.3026355,0.091588246,0
717,0.512009549,-1.081308382,0.437437043,0.265162012,0.528921909,0.231924477,0.533082177,-0.019374056,0.304672678,0.092825441,0
718,0.542837663,-1.116045437,0.43466704,0.268347516,0.528921909,0.231924477,0.532271452,-0.014868028,0.307209153,0.094377464,0
